SatirID;Kategori;BantKodu;Miktar;Boyut
1;bitter;3;28;Cubuk
2;findikli;3;5;Cubuk
3;sütlü;2;25;Uzun
4;karamelli;2;28;Uzun
5;bitter;4;23;Uzun
6;sütlü;3;5;Kare
7;bitter;2;23;Uzun
8;findikli;4;16;Cubuk
9;bitter;2;19;Cubuk
10;findikli;4;20;Cubuk
11;sütlü;3;12;Cubuk
12;karamelli;2;25;Kare
13;bitter;4;29;Cubuk
14;karamelli;2;38;Uzun
15;findikli;2;22;Cubuk
16;findikli;3;36;Uzun
17;findikli;1;27;Kare
18;sütlü;3;9;Uzun
19;findikli;3;10;Cubuk
20;bitter;2;22;Kare
21;findikli;1;24;Kare
22;bitter;3;1;Kare
23;karamelli;1;29;Cubuk
24;findikli;2;4;Cubuk
25;sütlü;2;3;Cubuk
26;findikli;4;36;Kare
27;findikli;2;11;Kare
28;sütlü;2;27;Cubuk
29;sütlü;3;33;Cubuk
30;bitter;2;14;Cubuk
31;bitter;2;11;Uzun
32;findikli;4;8;Cubuk
33;findikli;3;13;Cubuk
34;findikli;3;5;Kare
35;sütlü;4;32;Kare
36;karamelli;2;8;Uzun
37;findikli;2;30;Cubuk
38;findikli;3;29;Cubuk
39;bitter;2;31;Cubuk
40;karamelli;3;32;Kare
41;sütlü;1;40;Uzun
42;sütlü;4;4;Cubuk
43;bitter;4;31;Cubuk
44;sütlü;1;21;Cubuk
45;bitter;1;40;Kare
46;karamelli;2;15;Uzun
47;bitter;1;19;Kare
48;sütlü;1;28;Uzun
49;sütlü;4;4;Kare
50;findikli;2;18;Kare
51;karamelli;4;17;Cubuk
52;bitter;4;10;Cubuk
53;bitter;1;24;Uzun
54;findikli;2;10;Kare
55;karamelli;2;6;Kare
56;karamelli;3;28;Uzun
57;findikli;3;1;Cubuk
58;sütlü;3;37;Kare
59;sütlü;2;39;Cubuk
60;bitter;3;23;Kare
61;sütlü;3;20;Cubuk
62;bitter;4;32;Cubuk
63;findikli;3;32;Uzun
64;findikli;1;16;Cubuk
65;sütlü;4;7;Uzun
66;bitter;1;23;Uzun
67;karamelli;3;39;Cubuk
68;bitter;2;20;Uzun
69;bitter;4;30;Uzun
70;sütlü;4;31;Cubuk
71;sütlü;2;9;Cubuk
72;sütlü;3;24;Kare
73;findikli;1;6;Cubuk
74;bitter;1;38;Kare
75;sütlü;2;35;Cubuk
76;bitter;1;10;Cubuk
77;sütlü;3;36;Cubuk
78;bitter;2;33;Uzun
79;karamelli;4;34;Uzun
80;sütlü;4;37;Uzun
81;sütlü;3;38;Uzun
82;bitter;2;36;Uzun
83;findikli;1;26;Cubuk
84;sütlü;3;15;Cubuk
85;karamelli;3;32;Cubuk
86;sütlü;2;36;Cubuk
87;sütlü;1;9;Kare
88;findikli;2;37;Cubuk
89;bitter;2;23;Kare
90;sütlü;2;23;Kare
91;findikli;2;11;Kare
92;karamelli;1;20;Cubuk
93;findikli;3;25;Kare
94;sütlü;3;10;Cubuk
95;findikli;1;23;Uzun
96;karamelli;3;26;Uzun
97;findikli;2;26;Cubuk
98;findikli;3;25;Cubuk
99;findikli;2;40;Kare
100;sütlü;3;18;Cubuk
101;bitter;4;31;Uzun
102;bitter;3;26;Cubuk
103;karamelli;3;28;Cubuk
104;bitter;4;26;Cubuk
105;sütlü;2;13;Uzun
106;sütlü;2;33;Uzun
107;findikli;1;32;Kare
108;bitter;1;7;Cubuk
109;findikli;2;1;Cubuk
110;sütlü;4;11;Cubuk
111;karamelli;1;1;Uzun
112;findikli;1;31;Uzun
113;sütlü;4;25;Uzun
114;findikli;3;15;Cubuk
115;sütlü;3;27;Uzun
116;bitter;3;5;Uzun
117;karamelli;1;33;Cubuk
118;sütlü;3;7;Uzun
119;karamelli;1;36;Uzun
120;sütlü;1;39;Uzun
121;karamelli;2;7;Uzun
122;karamelli;2;35;Kare
123;bitter;4;9;Uzun
124;bitter;4;3;Cubuk
125;sütlü;4;22;Cubuk
126;bitter;3;21;Uzun
127;karamelli;4;7;Cubuk
128;bitter;2;28;Kare
129;karamelli;1;5;Kare
130;sütlü;3;12;Cubuk
131;findikli;3;34;Kare
132;bitter;2;8;Uzun
133;bitter;4;40;Kare
134;bitter;2;5;Uzun
135;findikli;2;8;Cubuk
136;bitter;2;29;Kare
137;bitter;4;21;Uzun
138;findikli;1;37;Uzun
139;bitter;1;6;Uzun
140;sütlü;3;38;Kare
141;sütlü;2;32;Kare
142;bitter;2;23;Cubuk
143;sütlü;2;17;Kare
144;sütlü;2;10;Kare
145;karamelli;1;13;Uzun
146;findikli;1;3;Cubuk
147;sütlü;2;13;Kare
148;karamelli;4;4;Cubuk
149;bitter;4;36;Cubuk
150;findikli;4;19;Uzun
151;karamelli;2;32;Kare
152;findikli;2;26;Kare
153;karamelli;2;15;Kare
154;sütlü;4;39;Kare
155;findikli;2;15;Uzun
156;sütlü;1;34;Kare
157;bitter;2;29;Cubuk
158;karamelli;4;2;Uzun
159;sütlü;4;23;Cubuk
160;karamelli;1;39;Kare
161;sütlü;1;34;Kare
162;findikli;3;33;Cubuk
163;karamelli;1;13;Kare
164;bitter;1;32;Cubuk
165;sütlü;2;11;Cubuk
166;findikli;2;26;Uzun
167;findikli;1;21;Kare
168;sütlü;1;40;Cubuk
169;sütlü;4;22;Uzun
170;sütlü;1;9;Kare
171;karamelli;2;37;Cubuk
172;bitter;2;22;Cubuk
173;sütlü;2;15;Kare
174;bitter;2;4;Uzun
175;karamelli;1;2;Kare
176;bitter;4;29;Kare
177;findikli;3;27;Uzun
178;karamelli;1;8;Cubuk
179;karamelli;3;24;Cubuk
180;bitter;2;12;Uzun
181;sütlü;4;23;Cubuk
182;bitter;3;25;Uzun
183;karamelli;4;6;Kare
184;karamelli;3;23;Kare
185;bitter;4;9;Kare
186;bitter;2;36;Cubuk
187;findikli;2;39;Cubuk
188;bitter;2;26;Cubuk
189;bitter;2;21;Kare
190;karamelli;2;31;Uzun
191;karamelli;1;33;Kare
192;karamelli;2;4;Uzun
193;sütlü;1;8;Cubuk
194;karamelli;1;6;Cubuk
195;sütlü;4;9;Kare
196;sütlü;2;24;Cubuk
197;bitter;1;23;Uzun
198;bitter;3;39;Cubuk
199;karamelli;2;11;Uzun
200;karamelli;1;21;Uzun
201;findikli;4;24;Kare
202;sütlü;2;39;Cubuk
203;karamelli;4;29;Uzun
204;karamelli;1;7;Uzun
205;sütlü;4;7;Cubuk
206;bitter;2;2;Kare
207;findikli;1;36;Cubuk
208;bitter;3;34;Cubuk
209;findikli;3;33;Kare
210;sütlü;1;30;Uzun
211;sütlü;4;13;Uzun
212;sütlü;1;37;Cubuk
213;bitter;1;35;Uzun
214;karamelli;3;39;Cubuk
215;sütlü;3;12;Kare
216;findikli;2;12;Kare
217;findikli;3;11;Uzun
218;bitter;1;34;Kare
219;findikli;2;23;Uzun
220;bitter;4;35;Uzun
221;sütlü;2;5;Uzun
222;bitter;1;29;Uzun
223;karamelli;3;19;Kare
224;bitter;4;25;Cubuk
225;sütlü;3;30;Kare
226;sütlü;3;29;Uzun
227;karamelli;3;21;Cubuk
228;karamelli;3;10;Kare
229;karamelli;4;20;Kare
230;bitter;1;22;Kare
231;sütlü;3;34;Kare
232;findikli;2;19;Cubuk
233;sütlü;1;35;Kare
234;sütlü;4;14;Cubuk
235;bitter;3;30;Uzun
236;karamelli;2;25;Kare
237;karamelli;3;16;Kare
238;findikli;3;9;Cubuk
239;findikli;1;31;Cubuk
240;sütlü;4;16;Uzun
241;findikli;3;40;Uzun
242;bitter;2;29;Kare
243;bitter;2;10;Uzun
244;karamelli;4;31;Cubuk
245;bitter;3;25;Uzun
246;karamelli;3;6;Uzun
247;karamelli;2;28;Cubuk
248;sütlü;1;26;Cubuk
249;sütlü;2;39;Kare
250;sütlü;1;1;Kare
251;bitter;4;9;Kare
252;bitter;3;6;Kare
253;karamelli;3;7;Uzun
254;findikli;1;5;Kare
255;bitter;2;23;Kare
256;sütlü;3;16;Cubuk
257;findikli;2;22;Kare
258;bitter;3;12;Uzun
259;karamelli;4;3;Kare
260;findikli;1;13;Kare
261;bitter;1;10;Kare
262;bitter;1;14;Cubuk
263;bitter;1;26;Uzun
264;findikli;4;33;Kare
265;bitter;3;39;Cubuk
266;karamelli;2;13;Cubuk
267;findikli;3;24;Uzun
268;bitter;3;19;Uzun
269;findikli;3;34;Uzun
270;sütlü;2;33;Kare
271;karamelli;3;19;Kare
272;bitter;1;31;Kare
273;bitter;1;40;Kare
274;karamelli;4;21;Uzun
275;sütlü;1;8;Cubuk
276;karamelli;1;18;Cubuk
277;sütlü;2;31;Cubuk
278;bitter;1;30;Uzun
279;karamelli;3;28;Uzun
280;findikli;2;33;Cubuk
281;findikli;3;27;Kare
282;karamelli;3;10;Cubuk
283;karamelli;2;36;Kare
284;findikli;3;9;Kare
285;findikli;2;25;Cubuk
286;sütlü;2;5;Uzun
287;sütlü;3;4;Kare
288;bitter;2;31;Cubuk
289;bitter;2;39;Uzun
290;sütlü;4;5;Kare
291;bitter;2;26;Uzun
292;findikli;1;24;Cubuk
293;sütlü;2;9;Kare
294;findikli;1;14;Cubuk
295;bitter;1;27;Kare
296;karamelli;3;1;Kare
297;sütlü;2;12;Uzun
298;sütlü;2;6;Uzun
299;sütlü;4;11;Uzun
300;findikli;2;7;Kare
301;sütlü;4;21;Kare
302;bitter;1;2;Uzun
303;findikli;1;32;Uzun
304;karamelli;3;23;Uzun
305;karamelli;3;33;Uzun
306;bitter;3;5;Kare
307;findikli;1;16;Uzun
308;karamelli;3;22;Kare
309;karamelli;2;30;Uzun
310;findikli;4;31;Kare
311;karamelli;1;13;Kare
312;karamelli;3;33;Kare
313;karamelli;1;16;Kare
314;findikli;1;35;Cubuk
315;findikli;2;39;Cubuk
316;bitter;4;21;Kare
317;findikli;1;13;Uzun
318;findikli;4;22;Kare
319;bitter;4;17;Kare
320;bitter;3;23;Kare
321;bitter;3;32;Uzun
322;findikli;1;6;Cubuk
323;findikli;4;10;Kare
324;karamelli;1;29;Cubuk
325;karamelli;1;24;Kare
326;bitter;2;32;Cubuk
327;sütlü;1;28;Uzun
328;sütlü;3;26;Uzun
329;findikli;2;34;Uzun
330;sütlü;3;32;Kare
331;sütlü;2;15;Cubuk
332;sütlü;2;28;Kare
333;findikli;1;33;Uzun
334;sütlü;2;3;Uzun
335;sütlü;1;23;Kare
336;karamelli;2;24;Kare
337;karamelli;2;36;Uzun
338;findikli;3;31;Kare
339;bitter;3;8;Kare
340;bitter;2;19;Cubuk
341;findikli;3;7;Uzun
342;sütlü;3;9;Cubuk
343;sütlü;4;24;Kare
344;findikli;2;2;Kare
345;sütlü;3;39;Kare
346;findikli;4;37;Cubuk
347;karamelli;2;36;Uzun
348;bitter;2;27;Cubuk
349;bitter;1;9;Uzun
350;karamelli;3;1;Uzun
351;bitter;2;40;Uzun
352;sütlü;1;9;Cubuk
353;bitter;1;35;Cubuk
354;bitter;4;33;Uzun
355;sütlü;4;18;Kare
356;bitter;2;2;Uzun
357;karamelli;4;9;Kare
358;bitter;4;34;Kare
359;karamelli;2;31;Kare
360;bitter;4;19;Cubuk
361;sütlü;4;8;Uzun
362;sütlü;1;19;Cubuk
363;findikli;1;12;Uzun
364;sütlü;2;18;Uzun
365;bitter;4;6;Uzun
366;karamelli;3;30;Uzun
367;sütlü;2;38;Cubuk
368;bitter;3;18;Kare
369;karamelli;3;23;Cubuk
370;sütlü;4;10;Kare
371;bitter;1;33;Kare
372;karamelli;2;9;Uzun
373;findikli;1;8;Uzun
374;sütlü;4;12;Kare
375;karamelli;4;11;Uzun
376;sütlü;1;13;Kare
377;bitter;3;14;Uzun
378;karamelli;1;16;Uzun
379;bitter;3;1;Kare
380;sütlü;1;25;Cubuk
381;findikli;2;31;Cubuk
382;sütlü;3;4;Uzun
383;bitter;1;16;Cubuk
384;findikli;4;19;Kare
385;sütlü;4;31;Uzun
386;bitter;3;36;Kare
387;sütlü;1;20;Kare
388;karamelli;1;9;Kare
389;karamelli;1;35;Uzun
390;bitter;3;14;Uzun
391;findikli;1;27;Cubuk
392;bitter;2;38;Cubuk
393;bitter;2;32;Kare
394;karamelli;4;14;Uzun
395;bitter;1;18;Kare
396;findikli;4;32;Cubuk
397;findikli;4;36;Uzun
398;sütlü;2;18;Kare
399;findikli;3;22;Cubuk
400;karamelli;4;21;Kare
401;sütlü;4;11;Kare
402;sütlü;2;30;Kare
403;bitter;4;3;Cubuk
404;findikli;3;8;Uzun
405;karamelli;4;2;Uzun
406;findikli;2;40;Kare
407;findikli;1;8;Uzun
408;findikli;2;40;Uzun
409;bitter;4;7;Kare
410;sütlü;2;21;Uzun
411;karamelli;2;24;Uzun
412;findikli;2;16;Kare
413;sütlü;1;22;Uzun
414;bitter;4;16;Cubuk
415;findikli;1;16;Kare
416;sütlü;3;39;Kare
417;bitter;4;36;Uzun
418;bitter;4;33;Cubuk
419;sütlü;3;39;Kare
420;karamelli;4;40;Uzun
421;sütlü;2;14;Uzun
422;sütlü;3;35;Cubuk
423;findikli;4;8;Cubuk
424;sütlü;1;26;Uzun
425;sütlü;1;33;Kare
426;sütlü;4;11;Kare
427;bitter;2;33;Cubuk
428;sütlü;3;32;Cubuk
429;findikli;1;19;Uzun
430;sütlü;1;7;Kare
431;bitter;2;15;Kare
432;findikli;2;25;Uzun
433;bitter;3;16;Cubuk
434;sütlü;1;27;Kare
435;sütlü;4;31;Cubuk
436;findikli;1;40;Cubuk
437;sütlü;4;14;Uzun
438;karamelli;4;21;Kare
439;karamelli;3;5;Cubuk
440;karamelli;3;28;Uzun
441;sütlü;1;32;Kare
442;bitter;4;18;Uzun
443;findikli;1;7;Cubuk
444;sütlü;3;1;Kare
445;sütlü;4;29;Cubuk
446;bitter;2;22;Kare
447;sütlü;2;2;Uzun
448;sütlü;4;3;Kare
449;karamelli;1;25;Uzun
450;sütlü;1;22;Uzun
451;karamelli;1;27;Kare
452;bitter;1;1;Kare
453;karamelli;1;34;Kare
454;bitter;1;40;Kare
455;karamelli;4;14;Uzun
456;karamelli;1;14;Uzun
457;karamelli;1;35;Cubuk
458;sütlü;4;17;Kare
459;bitter;4;9;Kare
460;bitter;2;33;Uzun
461;findikli;2;3;Uzun
462;findikli;2;37;Cubuk
463;bitter;1;1;Cubuk
464;findikli;1;14;Uzun
465;bitter;2;14;Cubuk
466;karamelli;1;33;Uzun
467;bitter;2;27;Cubuk
468;bitter;4;9;Uzun
469;bitter;1;10;Uzun
470;findikli;4;3;Uzun
471;bitter;1;3;Kare
472;findikli;2;9;Cubuk
473;karamelli;4;11;Uzun
474;bitter;4;16;Uzun
475;karamelli;2;40;Uzun
476;sütlü;1;2;Uzun
477;findikli;4;30;Kare
478;findikli;1;4;Kare
479;sütlü;4;5;Kare
480;findikli;2;25;Kare
481;karamelli;3;8;Cubuk
482;bitter;4;37;Cubuk
483;findikli;1;31;Cubuk
484;findikli;2;26;Kare
485;findikli;4;30;Cubuk
486;karamelli;3;7;Cubuk
487;bitter;2;37;Kare
488;findikli;2;20;Cubuk
489;sütlü;2;6;Cubuk
490;findikli;2;8;Cubuk
491;sütlü;3;18;Uzun
492;bitter;3;19;Uzun
493;bitter;1;4;Uzun
494;bitter;3;4;Uzun
495;bitter;2;28;Cubuk
496;karamelli;2;4;Uzun
497;sütlü;2;6;Cubuk
498;findikli;2;16;Uzun
499;karamelli;4;32;Kare
500;findikli;4;19;Kare
501;karamelli;3;15;Kare
502;findikli;1;19;Cubuk
503;karamelli;1;35;Uzun
504;sütlü;1;39;Uzun
505;findikli;4;14;Cubuk
506;sütlü;4;7;Kare
507;sütlü;3;17;Uzun
508;sütlü;4;4;Cubuk
509;bitter;1;31;Uzun
510;bitter;1;35;Uzun
511;sütlü;3;16;Kare
512;karamelli;1;7;Kare
513;bitter;2;40;Cubuk
514;karamelli;4;20;Kare
515;findikli;2;37;Kare
516;sütlü;4;29;Cubuk
517;karamelli;1;12;Kare
518;bitter;2;22;Uzun
519;karamelli;4;21;Kare
520;findikli;4;35;Uzun
521;sütlü;4;2;Uzun
522;karamelli;1;15;Kare
523;karamelli;3;28;Kare
524;sütlü;4;14;Uzun
525;karamelli;1;6;Uzun
526;findikli;1;20;Kare
527;sütlü;4;40;Cubuk
528;findikli;3;27;Cubuk
529;findikli;4;22;Kare
530;findikli;4;24;Cubuk
531;karamelli;3;30;Cubuk
532;findikli;4;22;Kare
533;bitter;2;38;Kare
534;karamelli;3;11;Uzun
535;findikli;2;11;Cubuk
536;findikli;2;30;Uzun
537;findikli;4;3;Cubuk
538;karamelli;1;39;Uzun
539;karamelli;2;28;Kare
540;karamelli;4;23;Uzun
541;karamelli;4;18;Uzun
542;karamelli;1;4;Kare
543;karamelli;3;37;Uzun
544;findikli;4;6;Cubuk
545;karamelli;1;16;Cubuk
546;karamelli;4;5;Uzun
547;karamelli;3;36;Uzun
548;sütlü;4;32;Cubuk
549;bitter;2;3;Cubuk
550;sütlü;2;39;Cubuk
551;karamelli;3;14;Uzun
552;karamelli;3;34;Uzun
553;sütlü;3;31;Kare
554;findikli;1;8;Cubuk
555;findikli;4;23;Cubuk
556;karamelli;3;9;Kare
557;findikli;2;9;Kare
558;findikli;1;20;Kare
559;karamelli;2;38;Uzun
560;sütlü;1;26;Cubuk
561;sütlü;2;31;Kare
562;karamelli;3;25;Kare
563;sütlü;3;30;Uzun
564;findikli;2;35;Uzun
565;findikli;2;5;Kare
566;sütlü;1;4;Cubuk
567;karamelli;4;12;Cubuk
568;karamelli;3;39;Uzun
569;karamelli;2;40;Uzun
570;findikli;4;9;Cubuk
571;karamelli;1;23;Uzun
572;sütlü;1;12;Kare
573;bitter;3;37;Uzun
574;karamelli;3;29;Cubuk
575;findikli;4;18;Kare
576;findikli;1;23;Cubuk
577;findikli;2;34;Cubuk
578;bitter;2;38;Uzun
579;sütlü;2;28;Kare
580;sütlü;4;13;Kare
581;karamelli;1;11;Cubuk
582;bitter;3;33;Kare
583;bitter;4;8;Uzun
584;sütlü;3;11;Cubuk
585;karamelli;4;37;Kare
586;sütlü;2;34;Uzun
587;findikli;2;35;Uzun
588;findikli;3;22;Uzun
589;karamelli;4;38;Cubuk
590;karamelli;1;38;Uzun
591;karamelli;2;4;Uzun
592;sütlü;4;27;Cubuk
593;sütlü;2;1;Cubuk
594;sütlü;3;11;Uzun
595;karamelli;4;22;Uzun
596;karamelli;1;40;Kare
597;sütlü;3;21;Cubuk
598;bitter;1;6;Uzun
599;bitter;3;23;Kare
600;findikli;2;16;Cubuk
601;sütlü;1;14;Uzun
602;findikli;3;19;Kare
603;karamelli;2;36;Cubuk
604;sütlü;3;33;Cubuk
605;sütlü;3;26;Cubuk
606;bitter;2;40;Uzun
607;sütlü;2;33;Kare
608;karamelli;3;24;Cubuk
609;findikli;4;29;Cubuk
610;karamelli;4;9;Cubuk
611;karamelli;2;12;Uzun
612;karamelli;1;10;Cubuk
613;findikli;4;4;Cubuk
614;karamelli;2;35;Uzun
615;findikli;1;34;Uzun
616;bitter;4;29;Cubuk
617;sütlü;1;28;Kare
618;findikli;3;12;Uzun
619;karamelli;1;24;Kare
620;findikli;3;36;Uzun
621;sütlü;2;19;Kare
622;bitter;3;1;Cubuk
623;karamelli;2;27;Cubuk
624;findikli;1;13;Kare
625;findikli;2;36;Kare
626;karamelli;4;30;Cubuk
627;findikli;3;31;Uzun
628;findikli;1;22;Kare
629;sütlü;1;23;Uzun
630;bitter;2;33;Cubuk
631;karamelli;3;10;Uzun
632;sütlü;1;26;Uzun
633;bitter;4;22;Kare
634;karamelli;3;14;Kare
635;sütlü;3;17;Uzun
636;findikli;3;31;Uzun
637;karamelli;1;32;Uzun
638;findikli;2;3;Kare
639;findikli;2;33;Uzun
640;bitter;2;3;Cubuk
641;karamelli;3;8;Kare
642;findikli;4;36;Kare
643;karamelli;3;6;Kare
644;findikli;4;33;Uzun
645;findikli;1;14;Cubuk
646;karamelli;1;23;Cubuk
647;sütlü;3;6;Kare
648;bitter;2;23;Kare
649;sütlü;3;20;Uzun
650;karamelli;2;24;Uzun
651;sütlü;1;22;Uzun
652;karamelli;1;3;Cubuk
653;karamelli;2;17;Kare
654;karamelli;1;5;Uzun
655;bitter;4;19;Cubuk
656;sütlü;2;40;Kare
657;karamelli;4;25;Cubuk
658;karamelli;2;10;Cubuk
659;karamelli;2;17;Cubuk
660;sütlü;2;13;Uzun
661;findikli;4;9;Kare
662;sütlü;3;5;Kare
663;findikli;3;39;Uzun
664;findikli;2;5;Uzun
665;bitter;1;6;Cubuk
666;sütlü;1;26;Kare
667;bitter;2;8;Uzun
668;karamelli;3;31;Cubuk
669;findikli;3;6;Kare
670;findikli;3;39;Uzun
671;bitter;2;25;Kare
672;karamelli;1;30;Cubuk
673;findikli;3;29;Uzun
674;findikli;4;1;Cubuk
675;bitter;4;25;Uzun
676;findikli;3;33;Cubuk
677;bitter;3;40;Cubuk
678;sütlü;1;35;Kare
679;sütlü;3;3;Uzun
680;sütlü;1;27;Cubuk
681;sütlü;2;29;Uzun
682;findikli;2;5;Uzun
683;bitter;2;21;Cubuk
684;sütlü;4;19;Cubuk
685;karamelli;3;32;Uzun
686;karamelli;1;2;Cubuk
687;findikli;3;12;Uzun
688;bitter;4;28;Kare
689;findikli;2;22;Uzun
690;bitter;2;31;Kare
691;bitter;2;21;Cubuk
692;sütlü;4;37;Uzun
693;bitter;4;12;Cubuk
694;karamelli;2;2;Uzun
695;karamelli;1;28;Cubuk
696;karamelli;3;33;Uzun
697;sütlü;3;8;Cubuk
698;sütlü;3;24;Kare
699;karamelli;1;39;Cubuk
700;findikli;4;15;Cubuk
701;findikli;2;30;Kare
702;findikli;1;37;Uzun
703;karamelli;3;27;Cubuk
704;karamelli;2;34;Kare
705;sütlü;4;27;Cubuk
706;bitter;2;38;Kare
707;findikli;3;13;Cubuk
708;karamelli;4;1;Uzun
709;findikli;1;28;Kare
710;karamelli;2;1;Cubuk
711;findikli;3;17;Cubuk
712;karamelli;1;24;Kare
713;karamelli;2;31;Cubuk
714;sütlü;3;35;Cubuk
715;bitter;4;21;Cubuk
716;sütlü;3;35;Kare
717;bitter;1;16;Uzun
718;karamelli;1;32;Uzun
719;sütlü;2;38;Cubuk
720;bitter;3;33;Kare
721;findikli;1;4;Cubuk
722;findikli;2;29;Cubuk
723;findikli;3;25;Cubuk
724;karamelli;3;22;Uzun
725;karamelli;1;32;Cubuk
726;findikli;2;32;Cubuk
727;bitter;4;10;Uzun
728;findikli;2;38;Uzun
729;karamelli;1;2;Cubuk
730;sütlü;2;14;Cubuk
731;bitter;2;24;Cubuk
732;findikli;2;8;Cubuk
733;karamelli;2;38;Uzun
734;karamelli;4;27;Kare
735;findikli;1;6;Kare
736;bitter;4;8;Cubuk
737;sütlü;2;18;Cubuk
738;findikli;1;21;Uzun
739;sütlü;3;1;Uzun
740;sütlü;1;27;Kare
741;findikli;1;25;Cubuk
742;karamelli;4;40;Uzun
743;bitter;4;40;Cubuk
744;findikli;2;37;Kare
745;sütlü;3;34;Uzun
746;findikli;1;33;Uzun
747;sütlü;3;14;Kare
748;sütlü;4;29;Uzun
749;sütlü;3;9;Kare
750;sütlü;2;31;Kare
751;findikli;3;9;Kare
752;sütlü;4;39;Uzun
753;karamelli;2;19;Kare
754;sütlü;3;36;Cubuk
755;findikli;2;38;Kare
756;sütlü;3;16;Uzun
757;karamelli;3;14;Cubuk
758;findikli;2;15;Cubuk
759;karamelli;4;18;Uzun
760;sütlü;1;13;Uzun
761;findikli;1;14;Cubuk
762;findikli;2;29;Uzun
763;sütlü;3;1;Uzun
764;findikli;1;34;Kare
765;findikli;4;8;Kare
766;sütlü;4;34;Cubuk
767;karamelli;4;25;Kare
768;sütlü;3;22;Cubuk
769;karamelli;1;9;Uzun
770;sütlü;4;36;Uzun
771;sütlü;4;23;Uzun
772;bitter;3;21;Kare
773;findikli;1;39;Cubuk
774;karamelli;4;31;Kare
775;karamelli;3;24;Kare
776;findikli;4;12;Kare
777;sütlü;2;14;Kare
778;bitter;4;9;Uzun
779;bitter;3;32;Uzun
780;findikli;1;32;Kare
781;bitter;3;27;Uzun
782;bitter;1;6;Kare
783;karamelli;4;13;Cubuk
784;bitter;1;38;Cubuk
785;sütlü;3;11;Uzun
786;bitter;1;20;Kare
787;findikli;1;36;Kare
788;sütlü;3;27;Cubuk
789;bitter;2;4;Kare
790;karamelli;4;39;Kare
791;findikli;1;10;Uzun
792;findikli;2;20;Kare
793;findikli;2;18;Cubuk
794;bitter;4;13;Kare
795;bitter;2;4;Kare
796;bitter;1;38;Cubuk
797;sütlü;2;34;Cubuk
798;bitter;1;11;Uzun
799;sütlü;4;6;Kare
800;bitter;2;14;Kare
801;sütlü;1;26;Kare
802;findikli;1;21;Uzun
803;sütlü;1;6;Uzun
804;bitter;3;17;Cubuk
805;karamelli;3;22;Kare
806;sütlü;4;32;Uzun
807;karamelli;2;9;Kare
808;karamelli;3;4;Cubuk
809;sütlü;1;35;Uzun
810;findikli;3;2;Cubuk
811;karamelli;4;27;Cubuk
812;bitter;4;28;Cubuk
813;bitter;4;14;Uzun
814;karamelli;4;23;Cubuk
815;sütlü;3;27;Kare
816;karamelli;3;38;Cubuk
817;karamelli;2;37;Cubuk
818;sütlü;4;21;Uzun
819;karamelli;1;36;Cubuk
820;sütlü;1;7;Uzun
821;sütlü;2;19;Cubuk
822;sütlü;3;33;Kare
823;findikli;3;20;Kare
824;karamelli;3;4;Uzun
825;karamelli;3;16;Cubuk
826;karamelli;2;31;Uzun
827;bitter;1;15;Cubuk
828;findikli;2;2;Kare
829;sütlü;1;14;Cubuk
830;sütlü;3;4;Uzun
831;karamelli;1;28;Kare
832;bitter;3;6;Kare
833;bitter;2;28;Cubuk
834;karamelli;2;38;Kare
835;karamelli;4;14;Uzun
836;bitter;3;29;Kare
837;findikli;1;13;Kare
838;karamelli;1;34;Uzun
839;bitter;2;27;Uzun
840;sütlü;3;12;Cubuk
841;karamelli;1;17;Uzun
842;findikli;4;20;Uzun
843;karamelli;2;7;Cubuk
844;karamelli;4;33;Cubuk
845;bitter;2;18;Cubuk
846;bitter;1;25;Kare
847;bitter;3;17;Uzun
848;karamelli;2;39;Uzun
849;karamelli;1;15;Uzun
850;karamelli;4;15;Kare
851;findikli;2;12;Uzun
852;findikli;4;12;Cubuk
853;bitter;3;4;Kare
854;bitter;2;27;Kare
855;bitter;1;38;Cubuk
856;findikli;2;29;Cubuk
857;sütlü;2;30;Kare
858;karamelli;1;25;Kare
859;bitter;2;12;Cubuk
860;findikli;4;31;Kare
861;findikli;2;35;Kare
862;findikli;2;14;Cubuk
863;karamelli;3;34;Kare
864;sütlü;1;24;Uzun
865;bitter;4;6;Kare
866;sütlü;1;32;Cubuk
867;findikli;4;38;Kare
868;findikli;4;3;Uzun
869;sütlü;1;30;Uzun
870;findikli;3;4;Kare
871;findikli;4;37;Kare
872;bitter;4;14;Uzun
873;sütlü;2;24;Uzun
874;findikli;2;30;Uzun
875;bitter;1;28;Kare
876;karamelli;4;38;Kare
877;findikli;1;7;Uzun
878;findikli;2;12;Kare
879;bitter;3;16;Cubuk
880;bitter;3;17;Cubuk
881;bitter;1;10;Uzun
882;findikli;1;34;Uzun
883;sütlü;4;13;Uzun
884;sütlü;4;2;Cubuk
885;bitter;1;37;Kare
886;bitter;3;6;Cubuk
887;findikli;1;25;Kare
888;sütlü;1;39;Cubuk
889;bitter;2;29;Cubuk
890;bitter;2;28;Uzun
891;findikli;3;9;Kare
892;karamelli;4;38;Kare
893;bitter;3;32;Kare
894;bitter;2;10;Kare
895;bitter;2;26;Cubuk
896;findikli;4;18;Cubuk
897;findikli;2;10;Uzun
898;sütlü;4;36;Kare
899;findikli;4;8;Cubuk
900;sütlü;3;1;Cubuk
901;findikli;1;16;Uzun
902;karamelli;2;40;Uzun
903;sütlü;2;25;Kare
904;bitter;2;33;Uzun
905;sütlü;4;24;Uzun
906;bitter;1;34;Uzun
907;findikli;1;18;Uzun
908;bitter;2;29;Cubuk
909;sütlü;4;5;Cubuk
910;bitter;1;24;Uzun
911;findikli;1;8;Cubuk
912;karamelli;4;36;Kare
913;findikli;3;38;Uzun
914;findikli;3;14;Uzun
915;sütlü;4;15;Uzun
916;bitter;1;25;Uzun
917;sütlü;4;23;Kare
918;bitter;1;34;Kare
919;findikli;2;14;Kare
920;findikli;2;18;Uzun
921;bitter;2;38;Cubuk
922;findikli;3;40;Uzun
923;bitter;1;8;Uzun
924;bitter;4;37;Cubuk
925;karamelli;1;23;Cubuk
926;karamelli;3;38;Uzun
927;findikli;2;34;Uzun
928;sütlü;3;5;Kare
929;bitter;2;7;Cubuk
930;sütlü;1;16;Cubuk
931;karamelli;2;19;Kare
932;sütlü;2;17;Uzun
933;karamelli;3;11;Kare
934;bitter;3;4;Uzun
935;sütlü;1;38;Kare
936;sütlü;1;12;Cubuk
937;sütlü;3;1;Uzun
938;findikli;1;39;Cubuk
939;sütlü;2;9;Kare
940;findikli;1;21;Cubuk
941;bitter;1;28;Kare
942;bitter;4;21;Kare
943;bitter;3;1;Uzun
944;findikli;2;7;Cubuk
945;bitter;1;27;Kare
946;findikli;2;27;Kare
947;karamelli;4;35;Kare
948;bitter;3;33;Cubuk
949;karamelli;4;11;Uzun
950;findikli;3;7;Cubuk
951;findikli;4;27;Uzun
952;karamelli;3;31;Uzun
953;sütlü;4;23;Uzun
954;sütlü;1;37;Cubuk
955;bitter;1;39;Cubuk
956;karamelli;1;21;Uzun
957;karamelli;4;22;Uzun
958;karamelli;1;11;Cubuk
959;bitter;4;20;Cubuk
960;sütlü;4;18;Uzun
961;karamelli;3;12;Uzun
962;findikli;2;22;Kare
963;sütlü;1;39;Kare
964;findikli;3;25;Uzun
965;sütlü;1;39;Cubuk
966;karamelli;4;2;Kare
967;findikli;2;12;Cubuk
968;karamelli;1;17;Cubuk
969;karamelli;4;34;Kare
970;findikli;1;4;Kare
971;sütlü;4;25;Kare
972;findikli;4;14;Uzun
973;sütlü;3;36;Uzun
974;sütlü;1;18;Uzun
975;karamelli;3;19;Uzun
976;findikli;1;28;Uzun
977;bitter;1;2;Cubuk
978;bitter;2;9;Kare
979;sütlü;1;15;Uzun
980;findikli;2;2;Cubuk
981;findikli;1;15;Uzun
982;sütlü;3;5;Uzun
983;bitter;3;1;Cubuk
984;findikli;2;28;Cubuk
985;karamelli;2;2;Uzun
986;sütlü;1;20;Uzun
987;bitter;1;24;Kare
988;findikli;3;38;Cubuk
989;sütlü;1;7;Cubuk
990;bitter;4;26;Uzun
991;bitter;2;7;Cubuk
992;findikli;2;31;Cubuk
993;karamelli;1;11;Cubuk
994;bitter;1;4;Uzun
995;bitter;1;11;Cubuk
996;bitter;4;11;Kare
997;sütlü;1;36;Uzun
998;findikli;2;25;Uzun
999;bitter;3;3;Cubuk
1000;findikli;2;31;Kare
1001;sütlü;1;37;Uzun
1002;findikli;3;11;Kare
1003;findikli;3;34;Uzun
1004;findikli;1;16;Kare
1005;karamelli;2;21;Kare
1006;findikli;2;17;Kare
1007;karamelli;4;30;Kare
1008;karamelli;2;10;Cubuk
1009;sütlü;1;1;Uzun
1010;karamelli;3;32;Uzun
1011;bitter;3;28;Uzun
1012;bitter;2;12;Cubuk
1013;findikli;3;12;Kare
1014;sütlü;4;36;Uzun
1015;findikli;3;25;Uzun
1016;sütlü;1;26;Uzun
1017;findikli;2;21;Kare
1018;findikli;1;35;Uzun
1019;findikli;3;1;Kare
1020;karamelli;2;17;Kare
1021;karamelli;2;16;Cubuk
1022;karamelli;4;9;Kare
1023;sütlü;1;2;Uzun
1024;karamelli;1;30;Kare
1025;sütlü;4;3;Uzun
1026;bitter;1;20;Uzun
1027;karamelli;1;25;Cubuk
1028;karamelli;2;6;Uzun
1029;sütlü;1;9;Cubuk
1030;karamelli;1;40;Cubuk
1031;karamelli;2;27;Kare
1032;findikli;4;5;Kare
1033;sütlü;3;9;Uzun
1034;bitter;2;35;Kare
1035;bitter;2;28;Kare
1036;karamelli;2;18;Uzun
1037;sütlü;2;24;Kare
1038;sütlü;4;17;Uzun
1039;bitter;1;11;Uzun
1040;findikli;3;9;Cubuk
1041;karamelli;2;17;Cubuk
1042;karamelli;1;32;Cubuk
1043;sütlü;3;35;Cubuk
1044;karamelli;2;39;Cubuk
1045;karamelli;3;19;Uzun
1046;findikli;2;20;Uzun
1047;findikli;4;33;Cubuk
1048;findikli;2;9;Uzun
1049;findikli;3;26;Uzun
1050;bitter;2;35;Uzun
1051;sütlü;1;28;Cubuk
1052;sütlü;2;4;Kare
1053;findikli;4;11;Kare
1054;findikli;1;33;Uzun
1055;findikli;1;23;Uzun
1056;findikli;4;5;Cubuk
1057;karamelli;4;11;Cubuk
1058;bitter;1;36;Kare
1059;bitter;3;24;Uzun
1060;karamelli;2;25;Cubuk
1061;karamelli;3;24;Cubuk
1062;bitter;1;17;Kare
1063;karamelli;1;4;Kare
1064;karamelli;3;37;Cubuk
1065;findikli;2;6;Cubuk
1066;karamelli;2;36;Kare
1067;karamelli;3;31;Cubuk
1068;sütlü;1;14;Uzun
1069;sütlü;2;27;Uzun
1070;sütlü;4;26;Kare
1071;karamelli;4;16;Cubuk
1072;sütlü;1;17;Cubuk
1073;findikli;1;2;Uzun
1074;bitter;4;9;Kare
1075;findikli;3;26;Cubuk
1076;bitter;4;27;Cubuk
1077;sütlü;3;2;Cubuk
1078;bitter;4;5;Kare
1079;findikli;1;11;Uzun
1080;karamelli;3;1;Kare
1081;karamelli;4;31;Cubuk
1082;karamelli;1;36;Uzun
1083;bitter;1;31;Kare
1084;karamelli;3;24;Uzun
1085;findikli;4;23;Cubuk
1086;findikli;2;27;Kare
1087;sütlü;2;5;Cubuk
1088;findikli;1;21;Cubuk
1089;findikli;1;13;Uzun
1090;sütlü;3;6;Kare
1091;findikli;2;40;Uzun
1092;karamelli;2;22;Kare
1093;sütlü;1;40;Uzun
1094;findikli;2;34;Cubuk
1095;bitter;1;14;Cubuk
1096;sütlü;3;30;Cubuk
1097;karamelli;2;12;Cubuk
1098;findikli;3;13;Uzun
1099;karamelli;1;11;Cubuk
1100;bitter;1;11;Uzun
1101;sütlü;4;7;Kare
1102;sütlü;4;12;Cubuk
1103;findikli;3;14;Uzun
1104;sütlü;4;18;Kare
1105;sütlü;4;36;Cubuk
1106;sütlü;4;11;Kare
1107;bitter;4;34;Cubuk
1108;sütlü;3;40;Cubuk
1109;bitter;4;26;Uzun
1110;karamelli;4;32;Uzun
1111;bitter;4;37;Uzun
1112;findikli;2;34;Uzun
1113;sütlü;3;38;Cubuk
1114;karamelli;4;7;Kare
1115;sütlü;1;36;Cubuk
1116;karamelli;1;30;Uzun
1117;karamelli;4;35;Kare
1118;karamelli;1;37;Cubuk
1119;sütlü;4;3;Kare
1120;karamelli;3;15;Uzun
1121;karamelli;3;16;Kare
1122;bitter;1;24;Kare
1123;sütlü;1;1;Cubuk
1124;sütlü;3;19;Cubuk
1125;bitter;1;1;Kare
1126;findikli;1;13;Kare
1127;findikli;3;1;Uzun
1128;bitter;4;15;Kare
1129;findikli;3;35;Kare
1130;karamelli;4;16;Kare
1131;bitter;4;32;Cubuk
1132;bitter;1;9;Cubuk
1133;karamelli;3;12;Uzun
1134;karamelli;2;7;Kare
1135;findikli;4;21;Uzun
1136;findikli;1;28;Uzun
1137;findikli;1;32;Kare
1138;bitter;1;30;Uzun
1139;bitter;2;11;Uzun
1140;bitter;3;22;Kare
1141;karamelli;2;20;Kare
1142;karamelli;1;27;Uzun
1143;findikli;4;24;Uzun
1144;sütlü;1;5;Cubuk
1145;bitter;3;37;Uzun
1146;bitter;4;18;Kare
1147;findikli;3;9;Uzun
1148;bitter;1;36;Cubuk
1149;sütlü;1;17;Cubuk
1150;sütlü;1;25;Uzun
1151;findikli;3;27;Cubuk
1152;bitter;2;17;Uzun
1153;bitter;2;36;Kare
1154;karamelli;1;4;Cubuk
1155;sütlü;2;2;Kare
1156;bitter;2;34;Kare
1157;sütlü;2;35;Cubuk
1158;findikli;4;9;Cubuk
1159;sütlü;1;12;Cubuk
1160;bitter;2;18;Kare
1161;sütlü;1;3;Cubuk
1162;bitter;3;4;Kare
1163;karamelli;4;14;Uzun
1164;sütlü;3;23;Uzun
1165;findikli;3;10;Kare
1166;findikli;4;27;Uzun
1167;karamelli;2;29;Uzun
1168;sütlü;2;39;Kare
1169;bitter;2;20;Uzun
1170;bitter;4;2;Uzun
1171;bitter;1;6;Cubuk
1172;karamelli;4;37;Uzun
1173;bitter;1;30;Uzun
1174;bitter;2;39;Cubuk
1175;findikli;1;5;Uzun
1176;findikli;2;24;Cubuk
1177;bitter;3;29;Uzun
1178;findikli;2;38;Cubuk
1179;sütlü;1;24;Kare
1180;sütlü;1;3;Uzun
1181;bitter;3;31;Cubuk
1182;sütlü;2;5;Cubuk
1183;karamelli;3;20;Uzun
1184;karamelli;1;13;Cubuk
1185;findikli;2;8;Cubuk
1186;karamelli;1;40;Uzun
1187;findikli;4;21;Kare
1188;bitter;1;17;Cubuk
1189;findikli;3;6;Uzun
1190;bitter;4;21;Cubuk
1191;sütlü;4;33;Cubuk
1192;sütlü;1;6;Uzun
1193;findikli;1;28;Cubuk
1194;karamelli;3;25;Uzun
1195;findikli;1;29;Uzun
1196;karamelli;2;39;Cubuk
1197;sütlü;3;25;Uzun
1198;findikli;4;39;Kare
1199;findikli;4;22;Uzun
1200;bitter;4;27;Uzun
1201;karamelli;4;9;Kare
1202;sütlü;3;7;Cubuk
1203;sütlü;2;1;Uzun
1204;karamelli;2;29;Kare
1205;findikli;1;9;Uzun
1206;findikli;1;28;Uzun
1207;findikli;3;10;Cubuk
1208;karamelli;3;36;Kare
1209;sütlü;1;31;Kare
1210;sütlü;4;35;Uzun
1211;sütlü;1;23;Uzun
1212;bitter;2;20;Uzun
1213;sütlü;3;7;Kare
1214;sütlü;4;2;Cubuk
1215;findikli;4;21;Kare
1216;karamelli;2;25;Kare
1217;sütlü;3;30;Kare
1218;sütlü;3;6;Cubuk
1219;karamelli;3;33;Cubuk
1220;sütlü;2;34;Uzun
1221;sütlü;2;1;Kare
1222;findikli;1;3;Kare
1223;findikli;1;15;Cubuk
1224;karamelli;1;26;Uzun
1225;karamelli;1;22;Uzun
1226;findikli;4;6;Uzun
1227;findikli;3;29;Cubuk
1228;karamelli;1;40;Uzun
1229;findikli;1;33;Kare
1230;findikli;4;37;Kare
1231;sütlü;4;40;Cubuk
1232;bitter;3;32;Kare
1233;findikli;4;7;Cubuk
1234;karamelli;3;13;Kare
1235;bitter;3;29;Uzun
1236;sütlü;1;30;Cubuk
1237;sütlü;2;38;Cubuk
1238;sütlü;1;34;Cubuk
1239;karamelli;2;9;Cubuk
1240;sütlü;2;17;Cubuk
1241;karamelli;4;25;Cubuk
1242;findikli;3;10;Kare
1243;sütlü;1;8;Uzun
1244;karamelli;4;29;Uzun
1245;findikli;3;39;Uzun
1246;findikli;3;1;Cubuk
1247;findikli;2;24;Cubuk
1248;bitter;4;31;Uzun
1249;findikli;4;29;Kare
1250;karamelli;2;36;Kare
1251;findikli;2;38;Uzun
1252;karamelli;3;19;Kare
1253;bitter;1;38;Kare
1254;findikli;3;17;Kare
1255;bitter;2;6;Uzun
1256;findikli;2;8;Kare
1257;findikli;2;17;Cubuk
1258;karamelli;2;29;Kare
1259;karamelli;2;14;Cubuk
1260;karamelli;2;18;Kare
1261;bitter;4;10;Uzun
1262;bitter;1;28;Cubuk
1263;sütlü;4;35;Uzun
1264;sütlü;4;22;Cubuk
1265;karamelli;4;30;Kare
1266;sütlü;4;20;Kare
1267;karamelli;1;2;Cubuk
1268;karamelli;1;16;Kare
1269;sütlü;4;11;Cubuk
1270;sütlü;1;33;Kare
1271;findikli;1;16;Cubuk
1272;sütlü;1;31;Uzun
1273;findikli;3;21;Kare
1274;karamelli;4;9;Kare
1275;karamelli;3;9;Kare
1276;bitter;3;31;Cubuk
1277;bitter;4;25;Cubuk
1278;bitter;3;32;Cubuk
1279;findikli;1;27;Uzun
1280;sütlü;3;29;Kare
1281;karamelli;3;28;Cubuk
1282;findikli;1;12;Cubuk
1283;findikli;3;27;Cubuk
1284;findikli;1;6;Cubuk
1285;bitter;2;4;Uzun
1286;findikli;3;17;Uzun
1287;karamelli;4;22;Cubuk
1288;findikli;4;23;Kare
1289;sütlü;4;21;Cubuk
1290;bitter;1;21;Uzun
1291;sütlü;2;16;Cubuk
1292;bitter;3;29;Kare
1293;findikli;4;36;Uzun
1294;karamelli;4;20;Kare
1295;findikli;2;8;Uzun
1296;bitter;1;37;Cubuk
1297;sütlü;2;23;Uzun
1298;sütlü;2;36;Kare
1299;karamelli;4;9;Uzun
1300;findikli;1;11;Kare
1301;findikli;3;33;Kare
1302;findikli;3;17;Uzun
1303;sütlü;2;40;Uzun
1304;sütlü;2;30;Uzun
1305;findikli;4;33;Uzun
1306;sütlü;1;1;Uzun
1307;sütlü;1;28;Uzun
1308;findikli;3;2;Cubuk
1309;karamelli;3;12;Kare
1310;karamelli;4;24;Uzun
1311;bitter;2;16;Kare
1312;bitter;2;28;Uzun
1313;sütlü;3;29;Kare
1314;karamelli;2;20;Uzun
1315;karamelli;1;2;Kare
1316;sütlü;1;25;Cubuk
1317;findikli;3;3;Kare
1318;karamelli;3;10;Cubuk
1319;karamelli;4;39;Cubuk
1320;karamelli;3;6;Cubuk
1321;findikli;3;2;Cubuk
1322;karamelli;4;21;Cubuk
1323;bitter;3;35;Kare
1324;findikli;2;16;Uzun
1325;findikli;1;23;Kare
1326;findikli;3;13;Cubuk
1327;bitter;4;29;Cubuk
1328;karamelli;3;4;Cubuk
1329;bitter;4;24;Uzun
1330;findikli;1;29;Cubuk
1331;sütlü;4;40;Uzun
1332;karamelli;3;8;Cubuk
1333;bitter;3;25;Uzun
1334;bitter;2;34;Uzun
1335;findikli;4;26;Kare
1336;karamelli;3;7;Uzun
1337;karamelli;2;39;Cubuk
1338;bitter;3;18;Kare
1339;sütlü;1;15;Uzun
1340;bitter;4;39;Cubuk
1341;karamelli;2;23;Uzun
1342;karamelli;2;26;Uzun
1343;karamelli;3;30;Uzun
1344;bitter;3;21;Kare
1345;sütlü;4;23;Kare
1346;bitter;3;22;Uzun
1347;sütlü;3;2;Uzun
1348;findikli;1;6;Kare
1349;bitter;2;11;Uzun
1350;findikli;4;35;Uzun
1351;karamelli;4;33;Kare
1352;sütlü;3;31;Kare
1353;karamelli;3;32;Uzun
1354;karamelli;1;39;Kare
1355;bitter;1;15;Cubuk
1356;sütlü;2;13;Uzun
1357;karamelli;2;11;Cubuk
1358;karamelli;4;23;Kare
1359;bitter;4;11;Cubuk
1360;karamelli;2;5;Cubuk
1361;bitter;4;26;Uzun
1362;bitter;1;31;Cubuk
1363;karamelli;2;40;Uzun
1364;bitter;2;21;Uzun
1365;karamelli;4;9;Kare
1366;findikli;1;12;Uzun
1367;karamelli;3;20;Kare
1368;sütlü;2;40;Kare
1369;sütlü;4;5;Uzun
1370;bitter;2;4;Cubuk
1371;findikli;1;4;Cubuk
1372;bitter;2;12;Cubuk
1373;bitter;2;28;Kare
1374;sütlü;1;36;Uzun
1375;karamelli;1;28;Cubuk
1376;bitter;1;38;Cubuk
1377;sütlü;2;9;Cubuk
1378;findikli;2;16;Cubuk
1379;bitter;3;3;Kare
1380;bitter;2;19;Uzun
1381;bitter;1;27;Cubuk
1382;sütlü;2;30;Kare
1383;sütlü;1;4;Cubuk
1384;bitter;4;1;Cubuk
1385;findikli;1;23;Kare
1386;karamelli;3;34;Cubuk
1387;sütlü;4;28;Kare
1388;sütlü;2;35;Cubuk
1389;bitter;1;24;Kare
1390;sütlü;1;34;Kare
1391;bitter;1;26;Kare
1392;bitter;3;7;Kare
1393;bitter;4;29;Uzun
1394;karamelli;2;10;Kare
1395;findikli;4;1;Cubuk
1396;karamelli;2;3;Cubuk
1397;karamelli;2;2;Kare
1398;findikli;2;39;Kare
1399;findikli;3;39;Cubuk
1400;sütlü;1;18;Uzun
1401;bitter;4;37;Cubuk
1402;sütlü;3;24;Uzun
1403;karamelli;3;33;Uzun
1404;sütlü;2;34;Cubuk
1405;karamelli;3;1;Kare
1406;karamelli;1;15;Cubuk
1407;karamelli;4;36;Kare
1408;findikli;4;9;Cubuk
1409;findikli;1;13;Uzun
1410;sütlü;1;20;Kare
1411;karamelli;4;12;Uzun
1412;karamelli;1;10;Uzun
1413;bitter;2;5;Kare
1414;findikli;1;25;Uzun
1415;bitter;4;32;Kare
1416;bitter;2;19;Cubuk
1417;sütlü;3;7;Uzun
1418;sütlü;2;6;Uzun
1419;karamelli;4;2;Cubuk
1420;findikli;4;34;Uzun
1421;karamelli;1;30;Uzun
1422;karamelli;4;29;Kare
1423;sütlü;2;34;Uzun
1424;findikli;4;10;Cubuk
1425;findikli;1;9;Uzun
1426;findikli;4;22;Cubuk
1427;karamelli;3;12;Kare
1428;findikli;3;10;Uzun
1429;bitter;1;13;Uzun
1430;karamelli;4;28;Kare
1431;sütlü;4;20;Cubuk
1432;sütlü;2;29;Kare
1433;bitter;1;13;Kare
1434;karamelli;4;4;Cubuk
1435;findikli;1;8;Kare
1436;findikli;2;34;Kare
1437;findikli;2;32;Kare
1438;findikli;2;20;Uzun
1439;sütlü;4;13;Kare
1440;sütlü;3;12;Cubuk
1441;bitter;1;2;Kare
1442;findikli;2;24;Kare
1443;bitter;2;23;Kare
1444;karamelli;4;2;Kare
1445;sütlü;3;24;Cubuk
1446;karamelli;2;30;Kare
1447;bitter;3;20;Cubuk
1448;sütlü;1;31;Cubuk
1449;findikli;2;32;Uzun
1450;karamelli;2;18;Cubuk
1451;findikli;1;9;Uzun
1452;bitter;3;26;Uzun
1453;karamelli;2;5;Kare
1454;karamelli;3;2;Kare
1455;karamelli;1;27;Kare
1456;findikli;2;22;Kare
1457;sütlü;4;31;Kare
1458;karamelli;3;19;Kare
1459;bitter;3;23;Cubuk
1460;findikli;1;34;Kare
1461;sütlü;1;16;Kare
1462;sütlü;3;33;Kare
1463;findikli;2;17;Uzun
1464;karamelli;3;33;Uzun
1465;sütlü;2;7;Cubuk
1466;findikli;2;1;Uzun
1467;sütlü;4;15;Uzun
1468;sütlü;3;10;Kare
1469;findikli;1;23;Kare
1470;findikli;4;9;Uzun
1471;bitter;1;38;Uzun
1472;sütlü;4;24;Cubuk
1473;bitter;2;32;Uzun
1474;karamelli;4;6;Kare
1475;findikli;4;27;Uzun
1476;bitter;1;26;Uzun
1477;bitter;2;20;Cubuk
1478;findikli;3;12;Uzun
1479;sütlü;3;18;Kare
1480;karamelli;1;12;Uzun
1481;karamelli;2;26;Uzun
1482;karamelli;2;16;Kare
1483;findikli;3;33;Uzun
1484;karamelli;2;2;Kare
1485;karamelli;3;6;Cubuk
1486;bitter;4;40;Cubuk
1487;findikli;4;5;Cubuk
1488;findikli;1;3;Cubuk
1489;sütlü;3;13;Cubuk
1490;sütlü;3;9;Uzun
1491;findikli;1;27;Uzun
1492;bitter;4;19;Cubuk
1493;bitter;2;20;Cubuk
1494;bitter;2;7;Uzun
1495;karamelli;4;32;Kare
1496;sütlü;2;38;Cubuk
1497;karamelli;1;17;Uzun
1498;findikli;2;15;Cubuk
1499;findikli;1;40;Uzun
1500;bitter;1;19;Kare
1501;karamelli;1;32;Kare
1502;karamelli;3;23;Cubuk
1503;karamelli;3;9;Kare
1504;sütlü;2;30;Cubuk
1505;bitter;4;38;Cubuk
1506;sütlü;2;36;Cubuk
1507;sütlü;4;24;Kare
1508;findikli;2;12;Cubuk
1509;karamelli;1;17;Cubuk
1510;sütlü;1;10;Kare
1511;karamelli;1;9;Kare
1512;findikli;2;1;Kare
1513;findikli;3;21;Uzun
1514;karamelli;4;7;Uzun
1515;bitter;2;35;Uzun
1516;bitter;3;28;Kare
1517;sütlü;2;7;Cubuk
1518;sütlü;1;31;Uzun
1519;karamelli;1;33;Kare
1520;karamelli;2;9;Kare
1521;sütlü;4;28;Cubuk
1522;bitter;4;40;Uzun
1523;findikli;3;8;Kare
1524;findikli;4;21;Cubuk
1525;bitter;4;18;Kare
1526;bitter;3;6;Uzun
1527;findikli;4;23;Kare
1528;sütlü;1;5;Kare
1529;findikli;1;20;Kare
1530;karamelli;2;7;Cubuk
1531;karamelli;2;33;Cubuk
1532;sütlü;4;5;Kare
1533;sütlü;3;26;Kare
1534;findikli;3;31;Cubuk
1535;bitter;2;21;Kare
1536;karamelli;1;12;Uzun
1537;sütlü;3;38;Kare
1538;sütlü;2;12;Uzun
1539;sütlü;1;37;Cubuk
1540;sütlü;4;38;Cubuk
1541;bitter;2;23;Uzun
1542;sütlü;4;34;Cubuk
1543;findikli;3;25;Cubuk
1544;findikli;4;16;Cubuk
1545;sütlü;1;9;Uzun
1546;sütlü;3;7;Kare
1547;findikli;2;5;Kare
1548;sütlü;1;39;Uzun
1549;bitter;2;25;Kare
1550;bitter;3;15;Kare
1551;bitter;3;29;Uzun
1552;sütlü;3;32;Cubuk
1553;karamelli;1;36;Kare
1554;bitter;2;32;Cubuk
1555;findikli;2;15;Kare
1556;sütlü;4;32;Cubuk
1557;sütlü;3;8;Kare
1558;sütlü;1;38;Cubuk
1559;sütlü;1;23;Uzun
1560;sütlü;2;20;Kare
1561;karamelli;1;1;Kare
1562;sütlü;3;23;Uzun
1563;findikli;1;4;Kare
1564;karamelli;4;33;Cubuk
1565;bitter;1;12;Kare
1566;sütlü;4;31;Kare
1567;findikli;2;17;Kare
1568;findikli;1;4;Kare
1569;karamelli;3;39;Kare
1570;sütlü;2;12;Cubuk
1571;findikli;3;28;Uzun
1572;bitter;4;2;Uzun
1573;sütlü;3;13;Uzun
1574;karamelli;4;2;Uzun
1575;findikli;2;34;Kare
1576;karamelli;3;32;Cubuk
1577;findikli;1;21;Kare
1578;karamelli;3;7;Kare
1579;sütlü;3;32;Uzun
1580;karamelli;3;35;Kare
1581;karamelli;3;20;Cubuk
1582;bitter;3;40;Uzun
1583;findikli;1;34;Cubuk
1584;sütlü;1;8;Kare
1585;findikli;3;13;Uzun
1586;sütlü;1;25;Uzun
1587;karamelli;2;38;Kare
1588;findikli;2;36;Cubuk
1589;karamelli;3;7;Kare
1590;karamelli;3;7;Kare
1591;findikli;3;17;Cubuk
1592;karamelli;3;4;Cubuk
1593;bitter;3;6;Cubuk
1594;bitter;2;24;Kare
1595;findikli;4;15;Uzun
1596;sütlü;1;5;Kare
1597;bitter;4;16;Uzun
1598;sütlü;1;32;Cubuk
1599;sütlü;3;31;Kare
1600;findikli;1;20;Cubuk
1601;karamelli;3;24;Cubuk
1602;findikli;4;37;Cubuk
1603;karamelli;1;36;Uzun
1604;sütlü;4;6;Kare
1605;karamelli;2;37;Cubuk
1606;sütlü;1;4;Uzun
1607;karamelli;3;12;Kare
1608;sütlü;3;8;Cubuk
1609;karamelli;1;19;Cubuk
1610;karamelli;4;17;Kare
1611;sütlü;1;12;Kare
1612;findikli;3;24;Uzun
1613;bitter;1;24;Kare
1614;bitter;3;26;Kare
1615;sütlü;1;32;Uzun
1616;sütlü;1;1;Cubuk
1617;findikli;3;24;Kare
1618;findikli;1;35;Kare
1619;findikli;3;30;Cubuk
1620;karamelli;1;9;Kare
1621;findikli;4;40;Kare
1622;findikli;3;17;Cubuk
1623;karamelli;2;11;Kare
1624;sütlü;2;5;Kare
1625;findikli;2;13;Cubuk
1626;bitter;1;10;Cubuk
1627;findikli;1;28;Kare
1628;sütlü;3;34;Uzun
1629;findikli;4;12;Cubuk
1630;findikli;4;3;Kare
1631;bitter;2;21;Uzun
1632;findikli;3;6;Kare
1633;karamelli;1;35;Uzun
1634;sütlü;2;16;Uzun
1635;findikli;1;13;Cubuk
1636;karamelli;2;4;Uzun
1637;karamelli;1;38;Cubuk
1638;sütlü;4;39;Uzun
1639;sütlü;4;7;Uzun
1640;bitter;4;2;Kare
1641;findikli;2;34;Cubuk
1642;bitter;1;4;Uzun
1643;findikli;4;25;Uzun
1644;findikli;3;37;Uzun
1645;findikli;3;5;Uzun
1646;findikli;1;20;Kare
1647;findikli;1;15;Cubuk
1648;findikli;1;35;Cubuk
1649;findikli;3;27;Uzun
1650;sütlü;2;22;Kare
1651;sütlü;2;23;Uzun
1652;sütlü;1;31;Uzun
1653;findikli;2;25;Kare
1654;findikli;4;28;Uzun
1655;sütlü;2;39;Kare
1656;sütlü;1;23;Kare
1657;sütlü;1;36;Uzun
1658;sütlü;1;5;Cubuk
1659;bitter;2;25;Cubuk
1660;sütlü;3;25;Cubuk
1661;bitter;2;10;Uzun
1662;bitter;4;22;Kare
1663;sütlü;1;21;Kare
1664;bitter;2;32;Uzun
1665;bitter;4;15;Uzun
1666;bitter;2;35;Uzun
1667;findikli;2;22;Cubuk
1668;findikli;4;10;Kare
1669;karamelli;2;32;Uzun
1670;sütlü;3;2;Uzun
1671;bitter;2;11;Kare
1672;bitter;2;5;Kare
1673;sütlü;4;26;Uzun
1674;sütlü;4;7;Kare
1675;bitter;4;31;Kare
1676;karamelli;1;20;Kare
1677;bitter;3;19;Uzun
1678;sütlü;3;24;Uzun
1679;karamelli;3;31;Kare
1680;bitter;2;22;Uzun
1681;bitter;1;7;Kare
1682;sütlü;1;26;Cubuk
1683;sütlü;1;10;Kare
1684;sütlü;2;30;Cubuk
1685;karamelli;1;27;Kare
1686;karamelli;1;40;Kare
1687;sütlü;2;11;Kare
1688;sütlü;2;2;Uzun
1689;sütlü;2;5;Cubuk
1690;karamelli;3;34;Uzun
1691;findikli;1;16;Kare
1692;karamelli;3;24;Kare
1693;karamelli;4;32;Uzun
1694;karamelli;1;11;Kare
1695;karamelli;1;22;Kare
1696;karamelli;2;35;Kare
1697;karamelli;4;19;Uzun
1698;bitter;2;16;Kare
1699;karamelli;3;33;Cubuk
1700;findikli;3;18;Uzun
1701;sütlü;4;19;Kare
1702;karamelli;3;39;Kare
1703;bitter;2;16;Uzun
1704;sütlü;1;24;Uzun
1705;findikli;3;11;Uzun
1706;bitter;4;36;Uzun
1707;karamelli;1;22;Cubuk
1708;sütlü;4;28;Cubuk
1709;bitter;4;34;Cubuk
1710;bitter;3;5;Uzun
1711;sütlü;2;32;Kare
1712;bitter;4;25;Cubuk
1713;karamelli;3;20;Kare
1714;findikli;4;15;Kare
1715;karamelli;1;37;Uzun
1716;sütlü;4;6;Uzun
1717;sütlü;1;22;Uzun
1718;sütlü;4;13;Cubuk
1719;sütlü;4;40;Uzun
1720;karamelli;3;31;Cubuk
1721;findikli;4;14;Cubuk
1722;findikli;1;31;Uzun
1723;findikli;4;23;Kare
1724;findikli;4;32;Kare
1725;karamelli;3;40;Kare
1726;bitter;3;24;Kare
1727;sütlü;2;15;Uzun
1728;karamelli;2;8;Cubuk
1729;findikli;1;25;Kare
1730;findikli;4;5;Cubuk
1731;sütlü;2;29;Cubuk
1732;karamelli;4;2;Cubuk
1733;karamelli;2;23;Uzun
1734;sütlü;4;12;Cubuk
1735;sütlü;2;21;Cubuk
1736;karamelli;1;21;Uzun
1737;bitter;3;13;Cubuk
1738;karamelli;1;10;Uzun
1739;karamelli;3;22;Kare
1740;bitter;3;21;Kare
1741;bitter;2;26;Cubuk
1742;sütlü;3;3;Cubuk
1743;bitter;1;3;Cubuk
1744;bitter;4;22;Cubuk
1745;karamelli;2;34;Kare
1746;bitter;4;29;Cubuk
1747;sütlü;2;9;Cubuk
1748;karamelli;3;7;Uzun
1749;bitter;2;11;Cubuk
1750;bitter;4;4;Kare
1751;karamelli;3;39;Cubuk
1752;sütlü;2;28;Cubuk
1753;bitter;2;1;Uzun
1754;findikli;4;37;Uzun
1755;karamelli;1;8;Uzun
1756;sütlü;2;33;Cubuk
1757;bitter;4;17;Uzun
1758;sütlü;2;14;Uzun
1759;sütlü;4;10;Kare
1760;karamelli;4;13;Cubuk
1761;findikli;3;40;Cubuk
1762;bitter;3;4;Kare
1763;bitter;2;10;Kare
1764;sütlü;1;28;Uzun
1765;findikli;2;19;Uzun
1766;sütlü;2;3;Cubuk
1767;karamelli;3;12;Kare
1768;findikli;2;11;Uzun
1769;findikli;4;32;Uzun
1770;bitter;3;17;Uzun
1771;bitter;2;7;Kare
1772;sütlü;4;14;Cubuk
1773;findikli;1;19;Uzun
1774;karamelli;1;26;Cubuk
1775;bitter;2;22;Uzun
1776;sütlü;4;4;Cubuk
1777;bitter;3;34;Uzun
1778;findikli;1;35;Kare
1779;bitter;1;38;Cubuk
1780;sütlü;3;33;Kare
1781;karamelli;4;24;Cubuk
1782;bitter;4;11;Uzun
1783;sütlü;3;14;Cubuk
1784;sütlü;1;10;Uzun
1785;karamelli;2;20;Cubuk
1786;karamelli;1;20;Kare
1787;bitter;2;1;Kare
1788;findikli;1;4;Cubuk
1789;findikli;1;10;Cubuk
1790;karamelli;2;38;Kare
1791;findikli;3;30;Uzun
1792;sütlü;3;28;Uzun
1793;karamelli;2;40;Cubuk
1794;karamelli;2;19;Kare
1795;karamelli;3;15;Uzun
1796;bitter;3;6;Uzun
1797;karamelli;2;25;Uzun
1798;sütlü;2;11;Kare
1799;findikli;2;28;Cubuk
1800;findikli;4;25;Uzun
1801;findikli;3;12;Cubuk
1802;sütlü;2;24;Kare
1803;findikli;2;33;Kare
1804;findikli;2;33;Uzun
1805;sütlü;4;13;Cubuk
1806;sütlü;3;2;Cubuk
1807;findikli;3;2;Uzun
1808;karamelli;1;35;Cubuk
1809;sütlü;4;18;Kare
1810;findikli;3;3;Uzun
1811;sütlü;4;5;Uzun
1812;bitter;3;12;Kare
1813;bitter;3;30;Cubuk
1814;sütlü;2;35;Uzun
1815;sütlü;4;22;Uzun
1816;sütlü;2;9;Cubuk
1817;karamelli;3;8;Uzun
1818;findikli;2;13;Uzun
1819;karamelli;1;36;Kare
1820;bitter;1;15;Cubuk
1821;sütlü;3;5;Kare
1822;findikli;3;6;Cubuk
1823;bitter;3;26;Kare
1824;bitter;3;3;Cubuk
1825;findikli;2;32;Uzun
1826;karamelli;3;4;Kare
1827;bitter;4;22;Kare
1828;karamelli;3;2;Kare
1829;bitter;4;40;Cubuk
1830;findikli;2;35;Uzun
1831;findikli;1;21;Uzun
1832;karamelli;3;1;Uzun
1833;findikli;2;9;Cubuk
1834;bitter;1;25;Kare
1835;sütlü;3;20;Uzun
1836;bitter;4;21;Kare
1837;bitter;1;40;Kare
1838;sütlü;2;11;Cubuk
1839;bitter;2;23;Cubuk
1840;karamelli;3;11;Kare
1841;bitter;3;11;Uzun
1842;karamelli;2;12;Cubuk
1843;findikli;4;20;Uzun
1844;sütlü;1;24;Uzun
1845;findikli;3;38;Cubuk
1846;findikli;1;4;Kare
1847;sütlü;2;32;Uzun
1848;karamelli;3;1;Cubuk
1849;bitter;4;14;Uzun
1850;sütlü;4;38;Uzun
1851;findikli;4;31;Uzun
1852;findikli;2;11;Cubuk
1853;findikli;2;8;Cubuk
1854;findikli;1;15;Cubuk
1855;findikli;4;40;Uzun
1856;bitter;3;35;Kare
1857;sütlü;3;10;Uzun
1858;sütlü;4;21;Kare
1859;findikli;3;6;Uzun
1860;bitter;3;39;Uzun
1861;karamelli;2;16;Kare
1862;sütlü;3;5;Cubuk
1863;karamelli;2;31;Uzun
1864;sütlü;3;10;Kare
1865;bitter;2;31;Kare
1866;karamelli;2;35;Kare
1867;findikli;1;40;Uzun
1868;karamelli;4;10;Kare
1869;sütlü;3;12;Kare
1870;findikli;3;20;Uzun
1871;karamelli;2;37;Uzun
1872;karamelli;3;4;Uzun
1873;bitter;2;21;Cubuk
1874;sütlü;2;30;Kare
1875;bitter;1;4;Cubuk
1876;findikli;4;5;Uzun
1877;sütlü;4;30;Cubuk
1878;sütlü;4;6;Cubuk
1879;karamelli;1;34;Kare
1880;sütlü;2;18;Kare
1881;findikli;3;20;Cubuk
1882;sütlü;3;40;Kare
1883;karamelli;1;20;Kare
1884;findikli;4;9;Uzun
1885;karamelli;3;37;Uzun
1886;bitter;4;18;Kare
1887;findikli;2;22;Kare
1888;bitter;1;5;Uzun
1889;sütlü;1;5;Uzun
1890;karamelli;3;32;Cubuk
1891;sütlü;3;23;Kare
1892;findikli;1;12;Cubuk
1893;findikli;2;1;Kare
1894;bitter;1;15;Cubuk
1895;sütlü;3;10;Kare
1896;bitter;4;27;Uzun
1897;findikli;3;22;Uzun
1898;bitter;4;14;Kare
1899;karamelli;4;13;Kare
1900;karamelli;4;8;Cubuk
1901;karamelli;2;1;Kare
1902;karamelli;4;31;Kare
1903;karamelli;2;4;Cubuk
1904;bitter;3;38;Uzun
1905;sütlü;2;32;Kare
1906;bitter;3;9;Kare
1907;bitter;3;22;Cubuk
1908;bitter;4;19;Kare
1909;sütlü;2;15;Uzun
1910;sütlü;1;1;Uzun
1911;sütlü;4;22;Kare
1912;sütlü;1;37;Cubuk
1913;sütlü;3;28;Uzun
1914;findikli;4;3;Cubuk
1915;sütlü;2;33;Cubuk
1916;findikli;4;39;Kare
1917;sütlü;4;18;Cubuk
1918;findikli;4;29;Kare
1919;karamelli;1;6;Kare
1920;findikli;4;39;Kare
1921;findikli;4;8;Kare
1922;findikli;2;27;Uzun
1923;sütlü;3;1;Kare
1924;sütlü;3;35;Kare
1925;findikli;2;2;Cubuk
1926;sütlü;4;19;Cubuk
1927;bitter;1;30;Kare
1928;bitter;2;6;Uzun
1929;findikli;1;22;Cubuk
1930;findikli;3;9;Kare
1931;sütlü;4;11;Kare
1932;bitter;2;14;Uzun
1933;sütlü;1;24;Kare
1934;findikli;3;3;Kare
1935;bitter;4;20;Kare
1936;findikli;4;9;Uzun
1937;findikli;4;13;Uzun
1938;karamelli;1;13;Cubuk
1939;bitter;3;32;Cubuk
1940;bitter;1;18;Cubuk
1941;findikli;1;10;Kare
1942;findikli;3;29;Cubuk
1943;sütlü;1;26;Kare
1944;sütlü;2;8;Kare
1945;sütlü;3;28;Kare
1946;bitter;1;40;Kare
1947;karamelli;1;32;Uzun
1948;bitter;4;6;Kare
1949;bitter;2;17;Uzun
1950;sütlü;1;9;Cubuk
1951;bitter;1;39;Kare
1952;sütlü;4;11;Uzun
1953;sütlü;3;29;Kare
1954;karamelli;3;16;Kare
1955;findikli;1;3;Uzun
1956;sütlü;2;10;Uzun
1957;bitter;4;37;Cubuk
1958;findikli;1;16;Kare
1959;bitter;1;11;Cubuk
1960;sütlü;1;2;Kare
1961;findikli;4;15;Cubuk
1962;bitter;3;14;Cubuk
1963;bitter;1;26;Kare
1964;findikli;1;6;Kare
1965;sütlü;2;39;Uzun
1966;findikli;2;32;Uzun
1967;karamelli;2;21;Cubuk
1968;findikli;2;37;Uzun
1969;sütlü;2;18;Kare
1970;bitter;4;34;Uzun
1971;sütlü;3;35;Uzun
1972;bitter;3;18;Cubuk
1973;bitter;1;29;Uzun
1974;bitter;2;18;Cubuk
1975;sütlü;3;39;Kare
1976;karamelli;3;28;Uzun
1977;findikli;1;22;Kare
1978;karamelli;3;37;Uzun
1979;karamelli;4;8;Kare
1980;karamelli;1;15;Uzun
1981;bitter;2;1;Cubuk
1982;sütlü;3;7;Uzun
1983;karamelli;3;16;Uzun
1984;sütlü;4;23;Uzun
1985;bitter;4;3;Kare
1986;bitter;1;13;Kare
1987;karamelli;4;39;Kare
1988;findikli;3;3;Uzun
1989;findikli;2;9;Uzun
1990;sütlü;2;21;Uzun
1991;sütlü;1;16;Kare
1992;karamelli;1;6;Kare
1993;bitter;1;9;Uzun
1994;bitter;3;12;Uzun
1995;bitter;3;18;Cubuk
1996;sütlü;4;15;Kare
1997;findikli;4;23;Kare
1998;karamelli;3;30;Uzun
1999;findikli;2;24;Uzun
2000;findikli;2;18;Uzun
2001;sütlü;2;24;Uzun
2002;findikli;4;32;Cubuk
2003;bitter;4;15;Cubuk
2004;findikli;2;3;Kare
2005;karamelli;3;9;Cubuk
2006;karamelli;1;24;Cubuk
2007;karamelli;2;30;Kare
2008;sütlü;2;9;Kare
2009;bitter;4;24;Cubuk
2010;karamelli;3;35;Kare
2011;karamelli;4;32;Uzun
2012;findikli;3;8;Uzun
2013;sütlü;2;33;Cubuk
2014;findikli;2;21;Uzun
2015;karamelli;1;19;Uzun
2016;sütlü;2;21;Kare
2017;bitter;2;25;Kare
2018;findikli;3;12;Uzun
2019;findikli;4;12;Cubuk
2020;bitter;4;28;Kare
2021;findikli;2;6;Cubuk
2022;bitter;4;36;Kare
2023;karamelli;2;15;Kare
2024;findikli;2;4;Kare
2025;findikli;2;28;Kare
2026;bitter;1;26;Cubuk
2027;sütlü;2;11;Uzun
2028;sütlü;1;17;Uzun
2029;karamelli;3;8;Kare
2030;bitter;4;13;Kare
2031;findikli;3;35;Kare
2032;karamelli;2;8;Kare
2033;findikli;2;39;Cubuk
2034;sütlü;1;23;Cubuk
2035;karamelli;2;13;Uzun
2036;bitter;2;5;Kare
2037;karamelli;1;39;Kare
2038;karamelli;2;32;Uzun
2039;sütlü;2;21;Cubuk
2040;sütlü;1;15;Uzun
2041;karamelli;3;20;Uzun
2042;bitter;3;2;Cubuk
2043;sütlü;2;18;Cubuk
2044;karamelli;2;10;Cubuk
2045;bitter;3;35;Uzun
2046;bitter;2;12;Uzun
2047;bitter;4;7;Kare
2048;karamelli;1;27;Cubuk
2049;findikli;1;25;Cubuk
2050;findikli;3;27;Cubuk
2051;findikli;4;34;Uzun
2052;findikli;2;7;Uzun
2053;findikli;2;4;Kare
2054;bitter;3;27;Uzun
2055;findikli;1;31;Uzun
2056;findikli;4;19;Uzun
2057;findikli;4;40;Kare
2058;findikli;4;2;Uzun
2059;karamelli;2;5;Kare
2060;karamelli;3;4;Uzun
2061;findikli;3;26;Uzun
2062;karamelli;2;21;Uzun
2063;karamelli;4;7;Cubuk
2064;sütlü;3;7;Cubuk
2065;bitter;3;7;Cubuk
2066;sütlü;3;7;Kare
2067;karamelli;2;19;Kare
2068;karamelli;2;40;Uzun
2069;bitter;4;13;Cubuk
2070;bitter;4;16;Uzun
2071;sütlü;3;6;Cubuk
2072;sütlü;2;30;Cubuk
2073;karamelli;4;8;Cubuk
2074;findikli;4;26;Uzun
2075;karamelli;4;4;Cubuk
2076;sütlü;2;37;Cubuk
2077;karamelli;1;29;Uzun
2078;bitter;3;37;Uzun
2079;sütlü;4;3;Cubuk
2080;findikli;1;34;Uzun
2081;bitter;1;18;Uzun
2082;findikli;3;12;Cubuk
2083;karamelli;2;24;Cubuk
2084;findikli;2;26;Cubuk
2085;karamelli;4;19;Kare
2086;findikli;3;28;Kare
2087;findikli;4;16;Cubuk
2088;karamelli;3;26;Uzun
2089;findikli;3;21;Kare
2090;bitter;4;3;Cubuk
2091;findikli;3;40;Cubuk
2092;sütlü;1;31;Kare
2093;findikli;3;29;Cubuk
2094;karamelli;2;13;Kare
2095;findikli;3;12;Cubuk
2096;sütlü;1;30;Uzun
2097;findikli;2;17;Cubuk
2098;sütlü;2;24;Cubuk
2099;sütlü;2;34;Uzun
2100;bitter;4;21;Cubuk
2101;sütlü;4;28;Kare
2102;findikli;2;25;Cubuk
2103;sütlü;4;23;Cubuk
2104;karamelli;3;39;Uzun
2105;bitter;2;21;Kare
2106;sütlü;3;28;Uzun
2107;karamelli;4;24;Uzun
2108;karamelli;3;10;Cubuk
2109;karamelli;1;25;Kare
2110;bitter;1;6;Uzun
2111;bitter;1;17;Kare
2112;findikli;1;11;Kare
2113;karamelli;2;19;Uzun
2114;karamelli;1;13;Kare
2115;sütlü;1;16;Kare
2116;karamelli;2;7;Kare
2117;findikli;2;10;Uzun
2118;bitter;1;14;Kare
2119;karamelli;4;18;Kare
2120;sütlü;3;27;Uzun
2121;bitter;3;27;Uzun
2122;bitter;1;13;Uzun
2123;findikli;4;28;Uzun
2124;bitter;1;4;Uzun
2125;findikli;1;17;Cubuk
2126;karamelli;2;7;Cubuk
2127;sütlü;2;2;Cubuk
2128;sütlü;1;15;Cubuk
2129;findikli;1;35;Cubuk
2130;karamelli;2;10;Kare
2131;karamelli;3;2;Cubuk
2132;sütlü;3;2;Cubuk
2133;bitter;1;21;Cubuk
2134;sütlü;2;11;Kare
2135;findikli;3;33;Uzun
2136;sütlü;2;16;Cubuk
2137;findikli;4;20;Cubuk
2138;sütlü;2;14;Uzun
2139;bitter;4;28;Cubuk
2140;karamelli;1;23;Cubuk
2141;bitter;1;5;Uzun
2142;sütlü;3;9;Cubuk
2143;bitter;3;32;Uzun
2144;findikli;3;28;Kare
2145;karamelli;4;6;Cubuk
2146;findikli;3;40;Cubuk
2147;bitter;4;1;Uzun
2148;sütlü;4;4;Cubuk
2149;sütlü;2;11;Cubuk
2150;bitter;3;32;Kare
2151;sütlü;2;21;Kare
2152;bitter;4;29;Cubuk
2153;findikli;4;26;Cubuk
2154;bitter;3;23;Cubuk
2155;karamelli;3;33;Cubuk
2156;bitter;1;34;Uzun
2157;bitter;4;14;Kare
2158;sütlü;4;34;Kare
2159;sütlü;3;17;Cubuk
2160;findikli;1;1;Kare
2161;karamelli;2;14;Uzun
2162;findikli;4;29;Kare
2163;findikli;1;4;Cubuk
2164;karamelli;3;16;Uzun
2165;bitter;3;6;Uzun
2166;sütlü;3;30;Cubuk
2167;sütlü;3;21;Cubuk
2168;sütlü;1;2;Cubuk
2169;sütlü;4;27;Uzun
2170;findikli;2;17;Uzun
2171;sütlü;2;18;Uzun
2172;karamelli;1;21;Uzun
2173;findikli;2;19;Uzun
2174;karamelli;3;20;Kare
2175;bitter;2;7;Kare
2176;bitter;2;39;Cubuk
2177;sütlü;3;34;Cubuk
2178;sütlü;3;19;Uzun
2179;bitter;1;27;Kare
2180;bitter;2;3;Cubuk
2181;findikli;3;37;Kare
2182;bitter;2;36;Cubuk
2183;bitter;4;17;Uzun
2184;bitter;2;23;Kare
2185;findikli;3;33;Cubuk
2186;findikli;1;3;Cubuk
2187;sütlü;3;23;Uzun
2188;sütlü;3;25;Cubuk
2189;karamelli;4;36;Cubuk
2190;bitter;2;22;Kare
2191;findikli;1;1;Uzun
2192;bitter;2;12;Cubuk
2193;sütlü;3;26;Cubuk
2194;findikli;2;25;Kare
2195;karamelli;4;38;Uzun
2196;karamelli;4;7;Cubuk
2197;sütlü;2;32;Uzun
2198;findikli;4;2;Kare
2199;bitter;4;17;Cubuk
2200;sütlü;2;5;Kare
2201;sütlü;4;4;Uzun
2202;bitter;4;21;Cubuk
2203;bitter;4;24;Kare
2204;sütlü;1;29;Uzun
2205;sütlü;4;34;Cubuk
2206;findikli;4;24;Kare
2207;findikli;2;24;Uzun
2208;karamelli;2;18;Kare
2209;karamelli;3;31;Uzun
2210;sütlü;3;24;Kare
2211;bitter;3;29;Cubuk
2212;bitter;1;27;Uzun
2213;karamelli;4;8;Kare
2214;findikli;2;32;Kare
2215;karamelli;3;6;Cubuk
2216;sütlü;1;3;Kare
2217;findikli;2;34;Cubuk
2218;sütlü;1;32;Cubuk
2219;bitter;4;30;Kare
2220;karamelli;2;1;Uzun
2221;findikli;1;11;Cubuk
2222;karamelli;2;11;Uzun
2223;bitter;3;3;Uzun
2224;bitter;4;16;Cubuk
2225;karamelli;2;31;Uzun
2226;karamelli;1;38;Kare
2227;bitter;1;17;Kare
2228;karamelli;2;31;Kare
2229;karamelli;2;4;Uzun
2230;bitter;3;7;Uzun
2231;sütlü;2;22;Uzun
2232;karamelli;3;25;Uzun
2233;findikli;2;21;Cubuk
2234;karamelli;2;11;Kare
2235;karamelli;4;8;Cubuk
2236;bitter;2;29;Cubuk
2237;sütlü;4;1;Uzun
2238;karamelli;2;6;Kare
2239;sütlü;3;17;Uzun
2240;karamelli;2;30;Uzun
2241;findikli;4;12;Kare
2242;findikli;1;29;Uzun
2243;findikli;2;9;Cubuk
2244;sütlü;2;19;Kare
2245;sütlü;3;20;Kare
2246;bitter;3;30;Uzun
2247;bitter;4;20;Kare
2248;karamelli;1;16;Cubuk
2249;bitter;2;28;Kare
2250;bitter;2;6;Cubuk
2251;sütlü;2;38;Cubuk
2252;findikli;1;17;Cubuk
2253;karamelli;2;35;Cubuk
2254;bitter;2;17;Kare
2255;bitter;3;5;Cubuk
2256;bitter;4;13;Kare
2257;karamelli;1;21;Cubuk
2258;bitter;1;28;Cubuk
2259;findikli;2;5;Uzun
2260;sütlü;1;8;Uzun
2261;findikli;3;40;Kare
2262;karamelli;3;21;Kare
2263;findikli;1;37;Kare
2264;sütlü;2;38;Uzun
2265;bitter;1;8;Cubuk
2266;karamelli;1;9;Kare
2267;bitter;4;24;Uzun
2268;karamelli;4;14;Kare
2269;karamelli;4;2;Uzun
2270;bitter;1;36;Kare
2271;sütlü;1;36;Cubuk
2272;karamelli;4;28;Cubuk
2273;findikli;2;35;Cubuk
2274;sütlü;4;36;Uzun
2275;sütlü;1;6;Uzun
2276;karamelli;3;13;Uzun
2277;sütlü;2;17;Uzun
2278;karamelli;1;37;Cubuk
2279;findikli;1;18;Cubuk
2280;findikli;2;13;Cubuk
2281;findikli;3;39;Kare
2282;sütlü;4;36;Kare
2283;findikli;1;15;Kare
2284;findikli;2;35;Kare
2285;sütlü;1;4;Uzun
2286;findikli;4;31;Uzun
2287;bitter;3;8;Cubuk
2288;sütlü;4;19;Uzun
2289;bitter;1;21;Cubuk
2290;karamelli;2;35;Kare
2291;findikli;4;11;Kare
2292;karamelli;1;26;Kare
2293;findikli;1;5;Kare
2294;karamelli;3;36;Cubuk
2295;sütlü;1;12;Uzun
2296;sütlü;1;21;Uzun
2297;karamelli;4;11;Cubuk
2298;bitter;2;8;Kare
2299;findikli;2;10;Kare
2300;bitter;3;40;Cubuk
2301;sütlü;1;11;Kare
2302;findikli;1;3;Kare
2303;sütlü;1;32;Uzun
2304;sütlü;3;26;Cubuk
2305;bitter;4;35;Cubuk
2306;bitter;3;3;Kare
2307;sütlü;2;12;Kare
2308;sütlü;1;23;Kare
2309;sütlü;3;6;Cubuk
2310;bitter;1;4;Uzun
2311;sütlü;3;34;Uzun
2312;findikli;4;28;Cubuk
2313;findikli;1;3;Uzun
2314;findikli;3;12;Cubuk
2315;bitter;1;25;Uzun
2316;bitter;4;22;Cubuk
2317;karamelli;1;6;Cubuk
2318;bitter;2;31;Uzun
2319;sütlü;1;4;Kare
2320;karamelli;1;26;Cubuk
2321;findikli;3;5;Cubuk
2322;karamelli;4;35;Uzun
2323;findikli;3;17;Uzun
2324;findikli;1;37;Kare
2325;karamelli;4;36;Uzun
2326;karamelli;1;20;Kare
2327;bitter;1;13;Kare
2328;sütlü;2;12;Cubuk
2329;karamelli;1;8;Uzun
2330;findikli;3;16;Cubuk
2331;bitter;4;28;Kare
2332;sütlü;3;12;Kare
2333;bitter;4;6;Kare
2334;sütlü;2;36;Uzun
2335;karamelli;1;36;Uzun
2336;bitter;3;10;Kare
2337;findikli;4;27;Kare
2338;bitter;4;19;Cubuk
2339;findikli;4;26;Uzun
2340;sütlü;1;3;Kare
2341;karamelli;4;13;Uzun
2342;sütlü;1;29;Uzun
2343;sütlü;3;11;Uzun
2344;karamelli;3;36;Uzun
2345;karamelli;4;8;Uzun
2346;sütlü;2;21;Cubuk
2347;karamelli;2;20;Kare
2348;findikli;2;10;Uzun
2349;karamelli;2;26;Kare
2350;bitter;1;16;Cubuk
2351;karamelli;4;25;Uzun
2352;karamelli;3;10;Uzun
2353;sütlü;1;22;Kare
2354;bitter;3;28;Cubuk
2355;karamelli;4;24;Uzun
2356;karamelli;3;17;Kare
2357;sütlü;4;27;Kare
2358;sütlü;4;22;Cubuk
2359;sütlü;3;38;Kare
2360;karamelli;3;36;Kare
2361;bitter;3;21;Uzun
2362;sütlü;1;34;Uzun
2363;bitter;4;32;Kare
2364;bitter;4;40;Cubuk
2365;bitter;3;1;Cubuk
2366;sütlü;4;5;Uzun
2367;findikli;2;10;Kare
2368;bitter;3;10;Kare
2369;sütlü;1;21;Kare
2370;findikli;1;13;Cubuk
2371;bitter;3;26;Kare
2372;findikli;1;7;Uzun
2373;sütlü;3;37;Kare
2374;bitter;2;22;Cubuk
2375;findikli;3;37;Kare
2376;sütlü;3;20;Cubuk
2377;bitter;4;30;Uzun
2378;bitter;3;22;Uzun
2379;karamelli;4;8;Cubuk
2380;sütlü;2;23;Kare
2381;karamelli;3;30;Kare
2382;sütlü;2;26;Cubuk
2383;findikli;3;31;Kare
2384;karamelli;3;3;Cubuk
2385;bitter;1;16;Uzun
2386;findikli;3;14;Uzun
2387;findikli;1;24;Uzun
2388;bitter;2;6;Cubuk
2389;bitter;1;19;Kare
2390;bitter;4;40;Cubuk
2391;findikli;2;8;Cubuk
2392;sütlü;2;21;Uzun
2393;findikli;1;19;Kare
2394;findikli;1;36;Cubuk
2395;bitter;4;20;Uzun
2396;bitter;2;21;Kare
2397;sütlü;3;14;Uzun
2398;findikli;3;15;Kare
2399;sütlü;4;17;Cubuk
2400;bitter;1;4;Cubuk
2401;findikli;3;32;Cubuk
2402;bitter;4;23;Kare
2403;findikli;2;27;Cubuk
2404;bitter;3;21;Cubuk
2405;bitter;2;14;Uzun
2406;karamelli;4;9;Kare
2407;bitter;4;24;Cubuk
2408;bitter;4;6;Cubuk
2409;karamelli;2;5;Kare
2410;sütlü;1;25;Kare
2411;bitter;3;13;Uzun
2412;sütlü;2;36;Kare
2413;sütlü;2;3;Cubuk
2414;findikli;3;29;Cubuk
2415;karamelli;4;14;Cubuk
2416;bitter;3;21;Kare
2417;sütlü;1;35;Uzun
2418;bitter;4;1;Cubuk
2419;sütlü;3;18;Cubuk
2420;findikli;2;20;Uzun
2421;karamelli;3;5;Kare
2422;bitter;4;3;Cubuk
2423;sütlü;2;36;Cubuk
2424;sütlü;1;7;Cubuk
2425;sütlü;1;19;Uzun
2426;karamelli;1;15;Kare
2427;findikli;2;26;Uzun
2428;bitter;2;28;Kare
2429;karamelli;4;12;Cubuk
2430;sütlü;3;11;Uzun
2431;findikli;3;24;Cubuk
2432;findikli;4;22;Kare
2433;karamelli;2;35;Uzun
2434;karamelli;3;19;Kare
2435;findikli;3;13;Uzun
2436;karamelli;1;35;Uzun
2437;sütlü;3;8;Kare
2438;bitter;3;13;Uzun
2439;karamelli;3;36;Uzun
2440;bitter;2;25;Cubuk
2441;findikli;4;29;Cubuk
2442;karamelli;4;29;Kare
2443;findikli;3;35;Uzun
2444;findikli;4;11;Uzun
2445;bitter;2;25;Kare
2446;sütlü;2;25;Uzun
2447;bitter;1;14;Kare
2448;findikli;4;16;Cubuk
2449;karamelli;2;8;Kare
2450;bitter;2;29;Uzun
2451;findikli;2;28;Kare
2452;findikli;3;3;Kare
2453;bitter;2;23;Kare
2454;sütlü;2;39;Kare
2455;bitter;3;32;Cubuk
2456;sütlü;2;10;Uzun
2457;sütlü;2;27;Cubuk
2458;sütlü;2;19;Uzun
2459;sütlü;4;40;Cubuk
2460;findikli;2;35;Cubuk
2461;findikli;3;10;Cubuk
2462;bitter;4;15;Kare
2463;bitter;3;17;Uzun
2464;sütlü;4;9;Kare
2465;sütlü;2;8;Uzun
2466;bitter;4;39;Cubuk
2467;karamelli;1;15;Uzun
2468;karamelli;4;27;Uzun
2469;findikli;4;34;Uzun
2470;sütlü;4;9;Cubuk
2471;karamelli;2;1;Cubuk
2472;sütlü;1;12;Uzun
2473;karamelli;3;30;Cubuk
2474;sütlü;4;2;Uzun
2475;sütlü;4;26;Cubuk
2476;bitter;3;3;Cubuk
2477;karamelli;3;40;Kare
2478;sütlü;1;22;Kare
2479;findikli;4;8;Cubuk
2480;findikli;2;3;Cubuk
2481;findikli;1;5;Cubuk
2482;sütlü;1;34;Kare
2483;karamelli;2;23;Kare
2484;findikli;1;19;Uzun
2485;findikli;2;18;Kare
2486;karamelli;1;20;Cubuk
2487;sütlü;1;30;Uzun
2488;karamelli;3;23;Uzun
2489;findikli;3;21;Cubuk
2490;bitter;4;8;Kare
2491;bitter;4;24;Kare
2492;sütlü;3;35;Uzun
2493;karamelli;2;26;Kare
2494;bitter;2;12;Kare
2495;karamelli;4;35;Kare
2496;sütlü;4;22;Kare
2497;bitter;3;6;Cubuk
2498;sütlü;2;13;Uzun
2499;sütlü;3;27;Kare
2500;bitter;1;27;Uzun
2501;sütlü;3;14;Cubuk
2502;karamelli;1;39;Uzun
2503;bitter;2;23;Cubuk
2504;karamelli;1;1;Cubuk
2505;bitter;3;24;Uzun
2506;sütlü;4;31;Kare
2507;sütlü;2;18;Uzun
2508;karamelli;2;4;Cubuk
2509;bitter;1;16;Kare
2510;sütlü;2;27;Uzun
2511;sütlü;4;10;Kare
2512;findikli;2;24;Cubuk
2513;sütlü;4;27;Uzun
2514;karamelli;1;8;Cubuk
2515;sütlü;4;27;Uzun
2516;karamelli;4;12;Kare
2517;sütlü;3;39;Kare
2518;findikli;4;2;Cubuk
2519;findikli;3;28;Uzun
2520;sütlü;2;20;Uzun
2521;bitter;2;23;Cubuk
2522;bitter;4;39;Cubuk
2523;sütlü;4;40;Cubuk
2524;bitter;1;12;Uzun
2525;bitter;2;2;Kare
2526;sütlü;1;27;Uzun
2527;findikli;2;21;Uzun
2528;sütlü;2;11;Kare
2529;sütlü;1;37;Kare
2530;karamelli;4;19;Uzun
2531;bitter;3;16;Uzun
2532;findikli;2;21;Kare
2533;bitter;2;11;Uzun
2534;karamelli;3;29;Kare
2535;findikli;4;22;Uzun
2536;findikli;2;7;Cubuk
2537;karamelli;4;35;Kare
2538;sütlü;2;38;Kare
2539;findikli;1;11;Uzun
2540;karamelli;3;21;Cubuk
2541;findikli;3;9;Uzun
2542;karamelli;3;2;Cubuk
2543;sütlü;4;5;Uzun
2544;karamelli;2;6;Uzun
2545;findikli;1;10;Cubuk
2546;findikli;2;39;Uzun
2547;sütlü;2;33;Kare
2548;findikli;4;6;Uzun
2549;sütlü;1;20;Uzun
2550;findikli;1;17;Cubuk
2551;bitter;3;19;Cubuk
2552;sütlü;1;26;Kare
2553;karamelli;2;3;Kare
2554;sütlü;4;30;Cubuk
2555;findikli;1;18;Kare
2556;sütlü;4;23;Cubuk
2557;findikli;4;20;Uzun
2558;karamelli;1;2;Cubuk
2559;karamelli;1;25;Uzun
2560;karamelli;1;2;Kare
2561;findikli;4;36;Uzun
2562;karamelli;4;27;Uzun
2563;bitter;4;6;Cubuk
2564;bitter;4;31;Cubuk
2565;bitter;3;33;Cubuk
2566;karamelli;2;21;Cubuk
2567;sütlü;2;29;Uzun
2568;findikli;4;21;Uzun
2569;findikli;2;23;Cubuk
2570;karamelli;1;22;Cubuk
2571;bitter;1;29;Uzun
2572;sütlü;1;16;Cubuk
2573;bitter;3;3;Cubuk
2574;findikli;2;34;Kare
2575;karamelli;2;25;Kare
2576;sütlü;3;13;Uzun
2577;bitter;2;10;Cubuk
2578;findikli;4;15;Uzun
2579;sütlü;1;39;Cubuk
2580;sütlü;1;25;Uzun
2581;findikli;4;26;Cubuk
2582;karamelli;3;9;Uzun
2583;bitter;4;36;Cubuk
2584;sütlü;2;1;Uzun
2585;karamelli;2;7;Uzun
2586;karamelli;1;22;Kare
2587;sütlü;4;20;Uzun
2588;findikli;4;26;Uzun
2589;sütlü;2;14;Kare
2590;karamelli;2;2;Cubuk
2591;sütlü;1;37;Kare
2592;findikli;1;17;Kare
2593;bitter;4;21;Cubuk
2594;karamelli;4;35;Uzun
2595;bitter;2;28;Cubuk
2596;bitter;4;35;Uzun
2597;findikli;4;24;Cubuk
2598;sütlü;2;22;Kare
2599;sütlü;1;6;Uzun
2600;karamelli;3;21;Kare
2601;karamelli;2;12;Kare
2602;sütlü;1;31;Uzun
2603;bitter;2;40;Cubuk
2604;karamelli;3;36;Cubuk
2605;bitter;4;38;Uzun
2606;sütlü;1;3;Kare
2607;sütlü;4;30;Uzun
2608;sütlü;1;5;Cubuk
2609;karamelli;4;4;Uzun
2610;findikli;3;16;Kare
2611;findikli;1;6;Kare
2612;findikli;2;21;Cubuk
2613;bitter;4;18;Uzun
2614;sütlü;1;2;Kare
2615;bitter;2;37;Kare
2616;karamelli;3;25;Uzun
2617;bitter;4;21;Cubuk
2618;findikli;4;23;Uzun
2619;bitter;3;16;Cubuk
2620;sütlü;1;22;Cubuk
2621;sütlü;1;10;Cubuk
2622;karamelli;4;20;Cubuk
2623;karamelli;3;11;Uzun
2624;findikli;1;1;Cubuk
2625;bitter;1;7;Uzun
2626;bitter;2;21;Kare
2627;findikli;4;12;Kare
2628;sütlü;4;24;Kare
2629;bitter;3;40;Kare
2630;karamelli;4;39;Cubuk
2631;findikli;2;16;Uzun
2632;sütlü;3;38;Uzun
2633;bitter;2;18;Kare
2634;sütlü;2;32;Kare
2635;bitter;4;28;Kare
2636;findikli;3;9;Uzun
2637;sütlü;2;18;Uzun
2638;findikli;1;37;Kare
2639;bitter;4;12;Uzun
2640;sütlü;1;30;Uzun
2641;karamelli;4;6;Kare
2642;bitter;3;2;Kare
2643;sütlü;3;39;Cubuk
2644;karamelli;1;10;Kare
2645;karamelli;1;18;Kare
2646;bitter;1;12;Kare
2647;findikli;1;7;Cubuk
2648;sütlü;2;26;Cubuk
2649;findikli;3;19;Cubuk
2650;findikli;3;34;Cubuk
2651;sütlü;4;20;Kare
2652;sütlü;4;20;Kare
2653;findikli;1;7;Kare
2654;bitter;2;22;Cubuk
2655;karamelli;1;10;Uzun
2656;findikli;3;11;Cubuk
2657;bitter;2;9;Uzun
2658;findikli;4;15;Kare
2659;sütlü;4;13;Uzun
2660;karamelli;2;21;Uzun
2661;bitter;3;40;Cubuk
2662;karamelli;2;26;Kare
2663;bitter;3;27;Uzun
2664;bitter;4;7;Kare
2665;karamelli;3;1;Kare
2666;sütlü;4;27;Uzun
2667;sütlü;3;33;Kare
2668;findikli;3;15;Uzun
2669;findikli;4;39;Kare
2670;bitter;3;8;Uzun
2671;bitter;1;11;Cubuk
2672;findikli;1;8;Cubuk
2673;karamelli;4;25;Uzun
2674;karamelli;1;29;Kare
2675;bitter;1;16;Uzun
2676;sütlü;1;24;Kare
2677;karamelli;3;35;Kare
2678;bitter;2;40;Cubuk
2679;bitter;1;35;Kare
2680;sütlü;1;13;Kare
2681;sütlü;2;3;Kare
2682;karamelli;3;21;Uzun
2683;karamelli;1;2;Kare
2684;sütlü;3;34;Uzun
2685;sütlü;3;36;Kare
2686;findikli;2;18;Cubuk
2687;bitter;4;1;Uzun
2688;bitter;2;37;Cubuk
2689;sütlü;1;37;Kare
2690;findikli;4;27;Uzun
2691;sütlü;1;39;Cubuk
2692;findikli;4;12;Kare
2693;bitter;3;10;Cubuk
2694;karamelli;1;38;Uzun
2695;karamelli;1;23;Uzun
2696;bitter;2;2;Kare
2697;findikli;1;33;Kare
2698;karamelli;2;15;Kare
2699;karamelli;3;39;Kare
2700;karamelli;1;13;Cubuk
2701;sütlü;4;21;Kare
2702;karamelli;1;20;Cubuk
2703;findikli;2;12;Uzun
2704;bitter;2;27;Cubuk
2705;sütlü;2;37;Cubuk
2706;karamelli;3;17;Kare
2707;bitter;4;10;Kare
2708;sütlü;2;39;Kare
2709;bitter;2;13;Uzun
2710;sütlü;3;12;Kare
2711;bitter;2;23;Cubuk
2712;sütlü;2;16;Uzun
2713;sütlü;3;3;Cubuk
2714;sütlü;1;33;Uzun
2715;sütlü;4;24;Cubuk
2716;karamelli;3;1;Uzun
2717;bitter;1;19;Uzun
2718;sütlü;3;6;Uzun
2719;findikli;4;18;Cubuk
2720;karamelli;2;33;Cubuk
2721;karamelli;1;26;Uzun
2722;findikli;1;15;Uzun
2723;findikli;2;2;Cubuk
2724;findikli;3;19;Kare
2725;sütlü;1;37;Cubuk
2726;bitter;1;26;Cubuk
2727;karamelli;1;36;Cubuk
2728;sütlü;1;6;Cubuk
2729;karamelli;4;2;Kare
2730;findikli;2;12;Uzun
2731;findikli;4;22;Kare
2732;sütlü;4;29;Cubuk
2733;sütlü;1;36;Cubuk
2734;findikli;1;24;Cubuk
2735;bitter;1;13;Cubuk
2736;karamelli;4;7;Uzun
2737;bitter;4;26;Kare
2738;bitter;2;14;Kare
2739;findikli;4;13;Uzun
2740;sütlü;4;39;Uzun
2741;sütlü;2;33;Kare
2742;karamelli;2;9;Cubuk
2743;bitter;3;13;Kare
2744;karamelli;3;12;Cubuk
2745;findikli;1;20;Uzun
2746;bitter;3;22;Uzun
2747;sütlü;3;8;Uzun
2748;findikli;4;1;Kare
2749;bitter;4;10;Kare
2750;sütlü;1;35;Cubuk
2751;bitter;1;20;Cubuk
2752;findikli;2;5;Kare
2753;karamelli;2;31;Cubuk
2754;karamelli;2;37;Uzun
2755;bitter;1;13;Kare
2756;karamelli;4;20;Cubuk
2757;bitter;3;25;Uzun
2758;karamelli;2;16;Cubuk
2759;bitter;1;26;Uzun
2760;karamelli;1;2;Kare
2761;bitter;4;36;Kare
2762;sütlü;3;17;Uzun
2763;findikli;2;30;Uzun
2764;bitter;3;38;Uzun
2765;sütlü;3;12;Kare
2766;karamelli;1;38;Uzun
2767;karamelli;4;7;Cubuk
2768;bitter;4;36;Cubuk
2769;bitter;3;33;Kare
2770;sütlü;2;12;Cubuk
2771;bitter;1;26;Uzun
2772;findikli;3;16;Kare
2773;bitter;3;37;Kare
2774;sütlü;2;39;Cubuk
2775;findikli;2;35;Uzun
2776;sütlü;2;1;Kare
2777;bitter;3;39;Uzun
2778;bitter;2;4;Cubuk
2779;sütlü;4;32;Uzun
2780;sütlü;2;11;Uzun
2781;sütlü;1;35;Kare
2782;karamelli;4;26;Cubuk
2783;bitter;3;22;Uzun
2784;karamelli;4;35;Kare
2785;karamelli;4;22;Kare
2786;findikli;1;11;Uzun
2787;findikli;1;26;Cubuk
2788;bitter;1;13;Kare
2789;karamelli;3;22;Cubuk
2790;findikli;1;30;Uzun
2791;findikli;3;25;Uzun
2792;findikli;2;16;Uzun
2793;karamelli;2;38;Cubuk
2794;findikli;1;32;Kare
2795;karamelli;1;39;Uzun
2796;bitter;4;24;Cubuk
2797;karamelli;2;38;Uzun
2798;sütlü;3;5;Kare
2799;karamelli;1;34;Kare
2800;sütlü;4;34;Cubuk
2801;bitter;4;40;Cubuk
2802;bitter;3;27;Kare
2803;karamelli;4;39;Kare
2804;sütlü;3;34;Kare
2805;bitter;1;2;Kare
2806;sütlü;2;22;Uzun
2807;bitter;2;10;Kare
2808;sütlü;1;31;Cubuk
2809;bitter;3;26;Kare
2810;sütlü;3;28;Cubuk
2811;karamelli;1;2;Kare
2812;findikli;1;5;Uzun
2813;karamelli;2;20;Cubuk
2814;sütlü;4;17;Cubuk
2815;sütlü;2;34;Cubuk
2816;sütlü;3;17;Kare
2817;bitter;3;30;Uzun
2818;sütlü;4;19;Kare
2819;findikli;2;40;Uzun
2820;karamelli;3;16;Uzun
2821;bitter;3;3;Uzun
2822;karamelli;4;6;Kare
2823;sütlü;1;32;Kare
2824;findikli;4;23;Uzun
2825;findikli;4;18;Kare
2826;karamelli;4;24;Cubuk
2827;sütlü;1;33;Kare
2828;sütlü;2;19;Uzun
2829;findikli;1;8;Uzun
2830;karamelli;1;29;Cubuk
2831;bitter;2;38;Uzun
2832;karamelli;1;17;Uzun
2833;findikli;1;24;Kare
2834;bitter;1;11;Uzun
2835;bitter;3;13;Kare
2836;bitter;4;29;Uzun
2837;sütlü;4;17;Uzun
2838;findikli;4;14;Uzun
2839;bitter;3;3;Uzun
2840;sütlü;2;22;Kare
2841;bitter;4;7;Uzun
2842;karamelli;4;4;Uzun
2843;findikli;4;36;Kare
2844;karamelli;1;24;Kare
2845;findikli;4;15;Kare
2846;bitter;1;25;Uzun
2847;findikli;2;7;Uzun
2848;bitter;3;16;Kare
2849;findikli;3;7;Cubuk
2850;sütlü;1;19;Kare
2851;karamelli;3;7;Kare
2852;karamelli;3;11;Uzun
2853;sütlü;1;26;Uzun
2854;bitter;4;23;Uzun
2855;sütlü;4;1;Kare
2856;karamelli;3;22;Cubuk
2857;karamelli;3;31;Kare
2858;findikli;3;32;Uzun
2859;bitter;2;12;Kare
2860;bitter;4;6;Uzun
2861;sütlü;2;27;Cubuk
2862;karamelli;4;22;Uzun
2863;karamelli;1;27;Cubuk
2864;findikli;3;8;Kare
2865;sütlü;4;33;Cubuk
2866;sütlü;4;28;Kare
2867;sütlü;3;12;Uzun
2868;sütlü;1;25;Kare
2869;karamelli;4;16;Uzun
2870;bitter;3;39;Kare
2871;bitter;1;12;Cubuk
2872;karamelli;3;23;Cubuk
2873;sütlü;1;20;Cubuk
2874;findikli;2;21;Cubuk
2875;sütlü;3;8;Uzun
2876;findikli;2;5;Kare
2877;findikli;3;3;Kare
2878;bitter;3;11;Uzun
2879;sütlü;3;20;Cubuk
2880;karamelli;3;17;Kare
2881;findikli;4;24;Uzun
2882;karamelli;2;29;Uzun
2883;sütlü;2;38;Cubuk
2884;bitter;3;32;Kare
2885;karamelli;3;26;Uzun
2886;karamelli;1;8;Cubuk
2887;findikli;1;3;Cubuk
2888;sütlü;3;31;Uzun
2889;bitter;3;13;Kare
2890;sütlü;4;34;Uzun
2891;bitter;4;40;Uzun
2892;karamelli;4;3;Uzun
2893;findikli;4;23;Cubuk
2894;bitter;1;32;Uzun
2895;findikli;1;25;Kare
2896;karamelli;3;33;Kare
2897;sütlü;3;35;Kare
2898;karamelli;4;22;Cubuk
2899;karamelli;4;37;Uzun
2900;findikli;4;23;Kare
2901;findikli;1;16;Uzun
2902;karamelli;3;1;Cubuk
2903;findikli;4;31;Kare
2904;sütlü;2;24;Uzun
2905;karamelli;4;11;Uzun
2906;findikli;2;7;Kare
2907;findikli;4;36;Uzun
2908;findikli;1;10;Uzun
2909;bitter;4;39;Cubuk
2910;sütlü;2;13;Cubuk
2911;sütlü;1;19;Uzun
2912;bitter;1;2;Uzun
2913;findikli;2;11;Cubuk
2914;sütlü;1;7;Cubuk
2915;bitter;2;7;Uzun
2916;findikli;1;5;Cubuk
2917;karamelli;3;3;Uzun
2918;findikli;3;3;Uzun
2919;bitter;2;30;Cubuk
2920;bitter;4;25;Cubuk
2921;karamelli;4;20;Kare
2922;findikli;2;21;Kare
2923;sütlü;3;37;Uzun
2924;karamelli;4;9;Kare
2925;bitter;3;4;Kare
2926;sütlü;2;27;Kare
2927;findikli;1;33;Kare
2928;bitter;3;3;Kare
2929;findikli;4;23;Cubuk
2930;sütlü;1;9;Uzun
2931;karamelli;3;38;Cubuk
2932;bitter;4;29;Kare
2933;findikli;3;34;Uzun
2934;karamelli;3;20;Uzun
2935;bitter;3;10;Kare
2936;sütlü;1;18;Uzun
2937;findikli;4;34;Uzun
2938;bitter;2;3;Uzun
2939;karamelli;1;26;Cubuk
2940;findikli;4;32;Kare
2941;findikli;1;13;Uzun
2942;bitter;2;40;Uzun
2943;findikli;4;34;Uzun
2944;findikli;4;5;Kare
2945;karamelli;1;15;Kare
2946;bitter;4;35;Cubuk
2947;bitter;3;1;Cubuk
2948;sütlü;3;12;Cubuk
2949;karamelli;3;29;Kare
2950;findikli;2;14;Uzun
2951;karamelli;4;2;Uzun
2952;bitter;2;3;Uzun
2953;karamelli;2;20;Kare
2954;karamelli;1;1;Uzun
2955;karamelli;3;3;Uzun
2956;bitter;2;32;Cubuk
2957;findikli;3;34;Cubuk
2958;bitter;1;14;Cubuk
2959;karamelli;3;1;Kare
2960;findikli;4;14;Cubuk
2961;karamelli;1;35;Uzun
2962;sütlü;3;37;Cubuk
2963;karamelli;2;8;Kare
2964;bitter;1;36;Cubuk
2965;karamelli;3;4;Uzun
2966;bitter;1;9;Uzun
2967;karamelli;4;38;Uzun
2968;sütlü;2;13;Uzun
2969;findikli;4;19;Cubuk
2970;findikli;3;23;Uzun
2971;findikli;4;24;Kare
2972;bitter;4;8;Cubuk
2973;sütlü;3;11;Kare
2974;karamelli;3;13;Kare
2975;karamelli;1;35;Kare
2976;sütlü;4;40;Kare
2977;findikli;4;19;Uzun
2978;bitter;1;7;Uzun
2979;bitter;4;36;Kare
2980;sütlü;2;28;Uzun
2981;sütlü;1;32;Kare
2982;bitter;3;11;Cubuk
2983;karamelli;4;31;Kare
2984;sütlü;1;23;Uzun
2985;karamelli;1;29;Cubuk
2986;findikli;1;21;Cubuk
2987;karamelli;4;10;Uzun
2988;findikli;1;16;Uzun
2989;findikli;3;9;Uzun
2990;bitter;4;27;Cubuk
2991;sütlü;1;2;Uzun
2992;sütlü;2;10;Kare
2993;findikli;3;16;Cubuk
2994;findikli;2;18;Uzun
2995;bitter;2;35;Kare
2996;bitter;3;28;Cubuk
2997;sütlü;3;15;Cubuk
2998;findikli;4;22;Cubuk
2999;bitter;2;20;Cubuk
3000;karamelli;3;9;Cubuk
